uid,section,group,num_char,job_title,num_people,field_viz,field_ds,field_it,field_science,field_art,field_design,field_communications,field_finance,field_business,field_economy,field_student,field_teacher,field_research,field_unknown_free,field_unknown_manager,field_unknown_head,field_unknown_dir,field_unknown_unemployed,field_unknown_another,pos_senior,pos_lead,pos_freelance
1,data_science_sct,data_specialist,13,data scientist,35,,1,,,,,,,,,,,,,,,,,,,,
2,data_science_sct,data_specialist,19,senior data scientist,8,,1,,,,,,,,,,,,,,,,,,8,,
3,data_science_sct,data_specialist,17,lead data scientist,1,,1,,,,,,,,,,,,,,,,,,,1,
4,data_science_sct,data_specialist,28,senior principle data scientist,1,,1,,,,,,,,,,,,,,,,,,1,,
5,data_science_sct,data_specialist,18,chief data scientist,2,,1,,,,,,,,,,,,,,,,,,,2,
6,data_science_sct,data_specialist,22,associate data scientist,2,,1,,,,,,,,,,,,,,,,,,,2,
7,data_science_sct,data_specialist,11,data trainee,1,,1,,,,,,,,,,,,,,,,,,,,
8,data_science_sct,data_specialist,11,data manager,3,,1,,,,,,,,,,,,,,,,,,,3,
9,data_science_sct,data_specialist,8,data lead,1,,1,,,,,,,,,,,,,,,,,,,1,
10,data_science_sct,data_specialist,10,data fellow,2,,1,,,,,,,,,,,,,,,,,,,2,
11,data_science_sct,data_specialist,13,data associate,1,,1,,,,,,,,,,,,,,,,,,,1,
12,data_science_sct,data_specialist,17,head of data science,1,,1,,,,,,,,,,,,,,,,,,,1,
13,data_science_sct,data_specialist,24,manager of data and outcomes,1,,1,,,,,,,,,,,,,,,,,,,1,
14,data_science_sct,data_specialist,30,supervisor for data and assessment,1,,1,,,,,,,,,,,,,,,,,,,1,
15,data_science_sct,data_specialist,18,data project manager,1,,1,,,,,,,,,,,,,,,,,,,1,
16,data_science_sct,data_specialist,22,principal data scientist,2,,1,,,,,,,,,,,,,,,,,,,,
17,data_science_sct,data_specialist,14,data consultant,2,,1,,,,,,,,,,,,,,,,,,,,2
18,data_science_sct,data_specialist,41,"freelance data consultant, interim head of data",1,,1,,,,,,,,,,,,,,,,,,,1,1
19,data_science_sct,data_specialist,37,scientific data manager and visualisation,1,1,1,,,,,,,,,,,,,,,,,,,1,
20,data_science_sct,data_specialist,26,program data & systems manager,1,,1,,,,,,,,,,,,,,,,,,,1,
21,data_science_sct,data_specialist,30,data scientist / senior consultant,1,,1,,,,,,,,,,,,,,,,,,1,,1
22,data_science_sct,data_specialist,24,data management specialist,1,,1,,,,,,,,,,,,,,,,,,,,
23,data_science_sct,data_specialist,19,junior data scientist,1,,1,,,,,,,,,,,,,,,,,,,,
24,data_science_sct,data_specialist,23,"founder, data scientist",1,,1,,,,,,,,,,,,,,,,,,,1,
25,data_science_sct,data_specialist,20,head of data and insight,1,,1,,,,,,,,,,,,,,,,,,,1,
26,data_science_sct,data_specialist,28,senior program & data specialist,1,,1,,,,,,,,,,,,,,,,,,1,,
27,data_science_sct,data_specialist,30,"director, data science & analytics",1,,1,,1,,,,,,,,,,,,,,,,,1,
28,data_science_sct,data_specialist,18,sport data scientist,1,,1,,,,,,,,,,,,,,,,,,,,
29,data_science_sct,data_specialist,18,head of data insights,1,,1,,,,,,,,,,,,,,,,,,,1,
30,data_science_sct,data_specialist,13,data architect,1,,1,,,,,,,,,,,,,,,,,,,,
31,data_science_sct,data_specialist,17,data science intern,1,,1,,,,,,,,,,,,,,,,,,,,
32,data_science_sct,data_specialist,20,product data scientist,1,,1,,,,,,,,,,,,,,,,,,,,
33,data_science_sct,data_specialist,24,data reporting coordinator,1,,1,,,,,,,,,,,,,,,,,,,,
34,data_science_sct,data_specialist,20,data & insights manager,1,,1,,,,,,,,,,,,,,,,,,,1,
35,data_science_sct,data_specialist,27,owner - data science consultant,1,,1,,,,,,,,,,,,,,,,,,,1,1
36,data_science_sct,data_specialist,39,assistant director of data science & research,1,,1,,,,,,,,,,,1,,,,,,,,1,
37,data_science_sct,data_specialist,34,emergency preparedness data scientist,1,,1,,,,,,,,,,,,,,,,,,,,
38,data_science_sct,data_specialist,21,scientific data manager,1,,1,,,,,,,,,,,,,,,,,,,,
39,data_science_sct,data_specialist,26,statistician/data scientist,1,,1,,1,,,,,,,,,,,,,,,,,,
40,data_science_sct,data_specialist,54,senior vice president and director statistics and data science,1,,1,,,,,,,,,,,,,,,,,,,1,
41,data_science_sct,data_specialist,36,audience insights & research coordinator,1,,1,,,,,,,1,,,,1,,,,,,,,1,
42,data_science_sct,data_specialist,24,augmented insights manager,2,,1,,,,,,,,,,,,,,,,,,,2,
43,data_science_sct,data_specialist,17,insight specialist,1,,1,,,,,,,,,,,,,,,,,,,,
44,data_science_sct,data_specialist,32,digital insights & analytics manager,1,,1,1,,,,,,,,,,,,,,,,,,1,
45,data_science_sct,data_specialist,32,"senior director, cio data insights",1,,1,,,,,,,,,,,,,,,,,,,1,
46,data_science_sct,data_specialist,42,testing/assessment specialist and data systems,1,,1,,,,,,,,,,,,,,,,,,,,
47,data_science_sct,data_specialist,26,data & information specialist,1,,1,,,,,,,,,,,,,,,,,,,,
48,data_science_sct,data_specialist,27,machine learning practitioner,1,,1,,,,,,,,,,,,,,,,,,,,
49,data_science_sct,data_specialist,23,machine learning engineer,2,,1,1,,,,,,,,,,,,,,,,,,,
50,data_science_sct,data_specialist,30,cloud machine learning specialist,1,,1,,,,,,,,,,,,,,,,,,,,
51,data_science_sct,data_specialist,18,data & impact manager,1,,1,,,,,,,,,,,,,,,,,,,1,
52,data_science_sct,data_specialist,25,data & innovation specialist,1,,1,,,,,,,,,,,,,,,,,,,,
53,data_science_sct,data_specialist,32,data and digital innovation director,1,,1,,,,,,,,,,,,,,,,,,,1,
54,data_science_sct,data_specialist,18,data operations lead,1,,1,,,,,,,,,,,,,,,,,,,1,
55,data_science_sct,data_specialist,14,data strategist,2,,1,,,,,,,,,,,,,,,,,,,,
56,data_science_sct,data_specialist,23,data strategy coordinator,1,,1,,,,,,,,,,,,,,,,,,,,
57,data_science_sct,data_specialist,18,head of data strategy,1,,1,,,,,,,,,,,,,,,,,,,1,
58,data_science_sct,data_specialist,16,sr. data architect,1,,1,,,,,,,,,,,,,,,,,,,,
59,data_science_sct,data_specialist,42,director of data architecture and visualization,1,1,1,,,,,,,,,,,,,,,,,,,1,
60,data_science_sct,data_specialist,37,director of data strategy and architecture,1,,1,,,,,,,,,,,,,,,,,,,1,
61,data_science_sct,data_specialist,10,data editor,2,,1,,,,,,,,,,,,,,,,,,,,
62,data_science_sct,data_specialist,17,data + impact editor,1,,1,,,,,,,,,,,,,,,,,,,,
63,data_science_sct,data_specialist,17,editor in chief data,1,,1,,,,,,,,,,,,,,,,,,,1,
64,data_science_sct,data_specialist,17,statistical editor,1,,1,,,,,,,,,,,,,,,,,,,,
65,data_science_sct,data_specialist,40,"contaminated land, closure and data scientist",1,,1,,,,,,,,,,,,,,,,,,,,
66,data_science_sct,data_specialist,21,data products developer,1,,1,,,,,,,1,,,,,,,,,,,,,
67,data_science_sct,data_specialist,21,sr. data product manager,1,,1,,,,,,,1,,,,,,,,,,,,,
68,data_science_sct,data_specialist,20,data standards manager,1,,1,,,,,,,,,,,,,,,,,,,1,
69,data_science_sct,data_specialist,17,decision scientist,1,,1,,,,,,,,,,,,,,,,,,,,
70,data_science_sct,data_specialist,25,"director, data activation",1,,1,,,,,,,,,,,,,,,,,,,,
71,data_science_sct,data_specialist,30,research associate of data science,1,,1,,,,,,,,,,,1,,,,,,,,1,
72,data_science_sct,data_specialist,25,data governance coordinator,1,,1,,,,,,,,,,,,,,,,,,,1,
73,data_science_sct,bi,27,business intelligence analyst,17,,1,,,,,,,,,,,,,,,,,,,,
74,data_science_sct,bi,9,bi analyst,4,,1,,,,,,,,,,,,,,,,,,,,
75,data_science_sct,bi,8,bi expert,1,,1,,,,,,,,,,,,,,,,,,,,
76,data_science_sct,bi,30,business intelligence specialist,2,,1,,,,,,,,,,,,,,,,,,,,
77,data_science_sct,bi,27,business intelligence manager,4,,1,,,,,,,,,,,,,,,,,,,4,
78,data_science_sct,bi,47,enrollment management business intelligence analyst,1,,1,,,,,,,,,,,,,,,,,,,,
79,data_science_sct,bi,19,business intelligent,1,,1,,,,,,,,,,,,,,,,,,,,
80,data_science_sct,bi,15,senior bi analyst,1,,1,,,,,,,,,,,,,,,,,,1,,
81,data_science_sct,bi,30,business intelligence consultant,3,,1,,,,,,,,,,,,,,,,,,,,3
82,data_science_sct,bi,28,manager - business intelligence,1,,1,,,,,,,,,,,,,,,,,,,1,
83,data_science_sct,bi,9,bi manager,1,,1,,,,,,,,,,,,,,,,,,,1,
84,data_science_sct,bi,12,bi consultant,1,,1,,,,,,,,,,,,,,,,,,,,1
85,data_science_sct,bi,18,senior bi consultant,1,,1,,,,,,,,,,,,,,,,,,1,,1
86,data_science_sct,bi,12,bi supervisor,1,,1,,,,,,,,,,,,,,,,,,,1,
87,data_science_sct,bi,34,enterprise business intelligence lead,1,,1,,,,,,,,,,,,,,,,,,,1,
88,data_science_sct,bi,24,vp of business intelligence,1,,1,,,,,,,,,,,,,,,,,,,1,
89,data_science_sct,bi,40,senior business intelligence systems analyst,1,,1,,,,,,,,,,,,,,,,,,1,,
90,data_science_sct,bi,29,business intelligence developer,4,,1,1,,,,,,,,,,,,,,,,,,,
91,data_science_sct,bi,32,sr. business intelligence developer,1,,1,1,,,,,,,,,,,,,,,,,1,,
92,data_science_sct,bi,25,business insight consultant,1,,1,,,,,,,,,,,,,,,,,,,,1
93,data_science_sct,bi,28,business insights developer iii,1,,1,1,,,,,,,,,,,,,,,,,,,
94,data_science_sct,bi,29,business intelligence architect,1,,1,,,,,,,,,,,,,,,,,,,,
95,data_science_sct,bi,42,lead business intelligence solutions architect,1,,1,,,,,,,,,,,,,,,,,,,1,
96,data_science_sct,bi,19,lead business analyst,1,,1,,,,,,,,,,,,,,,,,,,1,
97,data_science_sct,bi,15,business analyst,9,,1,,,,,,,,,,,,,,,,,,,,
98,data_science_sct,bi,19,business data analyst,2,,1,,,,,,,,,,,,,,,,,,,,
99,data_science_sct,bi,24,associate business analyst,1,,1,,,,,,,,,,,,,,,,,,,,
100,data_science_sct,bi,21,senior business analyst,4,,1,,,,,,,,,,,,,,,,,,4,,
101,data_science_sct,bi,23,lead business data analyst,1,,1,,,,,,,,,,,,,,,,,,,,
102,data_science_sct,bi,22,business metrics analyst,1,,1,,,,,,,,,,,,,,,,,,,,
103,data_science_sct,bi,36,business intelligence & insights analyst,1,,1,,,,,,,,,,,,,,,,,,,,
104,data_science_sct,bi,33,senior business intelligence analyst,3,,1,,,,,,,,,,,,,,,,,,3,,
105,data_science_sct,bi,24,principal business analyst,1,,1,,,,,,,,,,,,,,,,,,,,
106,data_science_sct,bi,16,business analysis,1,,1,,,,,,,,,,,,,,,,,,,,
107,data_science_sct,bi,28,institutional research analyst,1,,1,,,,,,,,,,,1,,,,,,,,,
108,data_science_sct,bi,36,marketing business intelligence analyst,1,,1,,,,,,,,,,,,,,,,,,,,
109,data_science_sct,bi,33,senior business analytics consultant,1,,1,,,,,,,,,,,,,,,,,,1,,1
110,data_science_sct,bi,24,business analytics manager,1,,1,,,,,,,,,,,,,,,,,,,1,
111,data_science_sct,bi,35,business analytics and research manager,1,,1,,,,,,,,,,,1,,,,,,,,1,
112,data_science_sct,bi,48,senior analytics and business intelligence specialist,1,,1,,,,,,,,,,,,,,,,,,1,,
113,data_science_sct,bi,42,business intelligence and analytics consultant,1,,1,,,,,,,,,,,,,,,,,,,,1
114,data_science_sct,bi,36,"manager, business insights & analytics",1,,1,,,,,,,,,,,,,,,,,,,1,
115,data_science_sct,bi,22,bi & analytics consultant,1,,1,,,,,,,,,,,,,,,,,,,,1
116,data_science_sct,bi,42,it solution consultant bi and information design,1,,1,,,,1,,,,,,,,,,,,,,,,1
117,data_science_sct,analyst,7,analyst,22,,1,,,,,,,,,,,,,,,,,,,,
118,data_science_sct,analyst,16,corporate analyst,1,,1,,,,,,,,,,,,,,,,,,,,
119,data_science_sct,analyst,13,senior analyst,8,,1,,,,,,,,,,,,,,,,,,8,,
120,data_science_sct,analyst,16,principal analyst,1,,1,,,,,,,,,,,,,,,,,,,,
121,data_science_sct,analyst,23,project and policy analyst,1,,1,,,,,,,,,,,,,,,,,,,,
122,data_science_sct,analyst,14,digital analyst,2,,1,,,,,,,,,,,,,,,,,,,,
123,data_science_sct,analyst,11,data analyst,62,,1,,,,,,,,,,,,,,,,,,,,
124,data_science_sct,analyst,20,data solutions analyst,1,,1,,,,,,,,,,,,,,,,,,,,
125,data_science_sct,analyst,12,data analysis,1,,1,,,,,,,,,,,,,,,,,,,,
126,data_science_sct,analyst,17,senior data analyst,6,,1,,,,,,,,,,,,,,,,,,6,,
127,data_science_sct,analyst,15,lead data analyst,2,,1,,,,,,,,,,,,,,,,,,,2,
128,data_science_sct,analyst,24,sr data analyst supply chain,1,,1,,,,,,,,,,,,,,,,,,1,,
129,data_science_sct,analyst,31,advisor information & data analysis,1,,1,,,,,,,,,,,,,,,,,,,,
130,data_science_sct,analyst,19,advisory data analyst,1,,1,,,,,,,,,,,,,,,,,,,,
131,data_science_sct,analyst,24,data analyst / dices manager,1,,1,,,,,,,,,,,,,,,,,,,1,
132,data_science_sct,analyst,23,sr. strategic data analyst,1,,1,,,,,,,,,,,,,,,,,,1,,
133,data_science_sct,analyst,15,data analyst | ceo,1,,1,,,,,,,,,,,,,,,,,,,1,
134,data_science_sct,analyst,33,data integration and analysis manager,1,,1,,,,,,,,,,,,,,,,,,,1,
135,data_science_sct,analyst,20,business/data analyst,1,,1,,,,,,,,,,,,,,,,,,,,
136,data_science_sct,analyst,22,decision support analyst,1,,1,,,,,,,,,,,,,,,,,,,,
137,data_science_sct,analyst,20,information analyst ii,1,,1,,,,,,,,,,,,,,,,,,,,
138,data_science_sct,analyst,29,enrollment research data analyst,1,,1,,,,,,,,,,,1,,,,,,,,,
139,data_science_sct,analyst,22,director of data analysis,1,,1,,,,,,,,,,,,,,,,,,,1,
140,data_science_sct,analyst,18,procurement analyst,1,,1,,,,,,,,,,,,,,,,,,,,
141,data_science_sct,analyst,19,quantitative analyst,1,,1,,,,,,,,,,,,,,,,,,,,
142,data_science_sct,analyst,37,project manager/ quantitative specialist,1,,1,,,,,,,,,,,,,,,,,,,1,
143,data_science_sct,analyst,29,quantitative research associate,1,,1,,,,,,,,,,,,,,,,,,,1,
144,data_science_sct,analyst,31,data analyst/information designer,1,,1,,,,1,,,,,,,,,,,,,,,,
145,data_science_sct,analyst,20,associate data analyst,1,,1,,,,,,,,,,,,,,,,,,,associate data analyst,
146,data_science_sct,analyst,21,consulting data analyst,1,,1,,,,,,,,,,,,,,,,,,,,consulting data analyst
147,data_science_sct,analyst,24,trainee consulting analyst,1,,1,,,,,,,,,,,,,,,,,,,,
148,data_science_sct,analyst,13,sr data analyst,1,,1,,,,,,,,,,,,,,,,,,1,,
149,data_science_sct,analyst,27,sr. digital & marketing analyst,1,,1,1,,,,1,,,,,,,,,,,,,,,
150,data_science_sct,analyst,23,reporting and data analyst,1,,1,,,,,,,,,,,,,,,,,,,,
151,data_science_sct,analyst,24,principal planning analyst,1,,1,,,,,,,,,,,,,,,,,,,,
152,data_science_sct,analyst,23,data scientist and analyst,3,,1,,,,,,,,,,,,,,,,,,,,
153,data_science_sct,analyst,17,management analyst,1,,1,,,,,,,,,,,,,,,,,,,1,
154,data_science_sct,analyst,24,senior analyst/programmer,1,,1,1,,,,,,,,,,,,,,,,,1,,
155,data_science_sct,analyst,24,analyst programmer-career,1,,1,1,,,,,,,,,,,,,,,,,,,
156,data_science_sct,analyst,17,programmer analyst,2,,1,1,,,,,,,,,,,,,,,,,,,
157,data_science_sct,analyst,23,senior programmer analyst,1,,1,1,,,,,,,,,,,,,,,,,1,,
158,data_science_sct,analyst,20,senior systems analyst,2,,1,,,,,,,,,,,,,,,,,,2,,
159,data_science_sct,analyst,15,advisory analyst,1,,1,,,,,,,,,,,,,,,,,,,,
160,data_science_sct,analyst,18,data systems analyst,1,,1,,,,,,,,,,,,,,,,,,,,
161,data_science_sct,analyst,21,support systems analyst,1,,1,,,,,,,,,,,,,,,,,,,,
162,data_science_sct,analyst,13,system analyst,1,,1,,,,,,,,,,,,,,,,,,,,
163,data_science_sct,analyst,14,project analyst,2,,1,,,,,,,,,,,,,,,,,,,,
164,data_science_sct,analyst,22,external affairs analyst,1,,1,,,,,,,,,,,,,,,,,,,,
165,data_science_sct,analyst,14,quoting analyst,1,,1,,,,,,,,,,,,,,,,,,,,
166,data_science_sct,analyst,23,data intelligence analyst,1,,1,,,,,,,,,,,,,,,,,,,,
167,data_science_sct,analyst,22,market & industry analyst,1,,1,,,,,,,,,,,,,,,,,,,,
168,data_science_sct,analyst,19,global market analyst,1,,1,,,,,,,,,,,,,,,,,,,,
169,data_science_sct,analyst,16,reporting analyst,1,,1,,,,,,,,,,,,,,,,,,,,
170,data_science_sct,analyst,24,operational reporting lead,1,,1,,,,,,,,,,,,,,,,,,,1,
171,data_science_sct,analyst,13,visual analyst,1,1,1,,,,,,,,,,,,,,,,,,,,
172,data_science_sct,analyst,15,planning analyst,1,,1,,,,,,,,,,,,,,,,,,,,
173,data_science_sct,analyst,19,planning data analyst,1,,1,,,,,,,,,,,,,,,,,,,,
174,data_science_sct,analyst,17,technology analyst,1,,1,1,,,,,,,,,,,,,,,,,,,
175,data_science_sct,analyst,26,software development analyst,1,,1,1,,,,,,,,,,,,,,,,,,,
176,data_science_sct,analyst,10,crm analyst,1,,1,1,,,,,,,,,,,,,,,,,,,
177,data_science_sct,analyst,11,risk analyst,1,,1,,,,,,,,,,,,,,,,,,,,
178,data_science_sct,analyst,19,disaster risk analyst,1,,1,,,,,,,,,,,,,,,,,,,,
179,data_science_sct,analyst,17,credit risk analyst,1,,1,,,,,,,,,,,,,,,,,,,,
180,data_science_sct,analyst,14,product analyst,3,,1,,,,,,,,,,,,,,,,,,,,
181,data_science_sct,analyst,17,operations analyst,1,,1,,,,,,,,,,,,,,,,,,,,
182,data_science_sct,analyst,22,personalization analyst,1,,1,,,,,,,,,,,,,,,,,,,,
183,data_science_sct,analyst,41,commercial operations analyst & data visualist,1,1,1,,,,,,,1,,,,,,,,,,,,,
184,data_science_sct,analyst,27,"manager, analysis & outcomes",1,,1,,,,,,,,,,,,,,,,,,,1,
185,data_science_sct,analyst,25,bioinformatics data analyst,1,,1,,1,,,,,,,,,,,,,,,,,,
186,data_science_sct,analyst,15,data coordinator,1,,1,,,,,,,,,,,,,,,,,,,,
187,data_science_sct,analyst,22,partner insights analyst,1,,1,,,,,,,,,,,,,,,,,,,1,
188,data_science_sct,analyst,20,senior insight analyst,1,,1,,,,,,,,,,,,,,,,,,1,,
189,data_science_sct,analytics,13,data analytics,1,,1,,,,,,,,,,,,,,,,,,,,
190,data_science_sct,analytics,20,data analytics advisor,1,,1,,,,,,,,,,,,,,,,,,,,
191,data_science_sct,analytics,23,director of data analytics,2,,1,,,,,,,,,,,,,,,,,,,2,
192,data_science_sct,analytics,19,analytics strategist,1,,1,,,,,,,,,,,,,,,,,,,,
193,data_science_sct,analytics,41,global talent analytics senior program manager,1,,1,,,,,,,,,,,,,,,,,,1,1,
194,data_science_sct,analytics,26,digital analytics specialist,1,,1,1,,,,,,,,,,,,,,,,,,,
195,data_science_sct,analytics,23,digital analytics support,2,,1,1,,,,,,,,,,,,,,,,,,,
196,data_science_sct,analytics,32,associate director of data analytics,1,,1,,,,,,,,,,,,,,,,,,,1,
197,data_science_sct,analytics,28,data & analytics project manager,1,,1,,,,,,,,,,,,,,,,,,,1,
198,data_science_sct,analytics,35,data management & analytics scrum master,1,,1,,,,,,,,,,,,,,,,,,,,
199,data_science_sct,analytics,11,vp analytics,2,,1,,,,,,,,,,,,,,,,,,,2,
200,data_science_sct,analytics,16,analytics adviser,1,,1,,,,,,,,,,,,,,,,,,,,
201,data_science_sct,analytics,23,senior director analytics,1,,1,,,,,,,,,,,,,,,,,,1,,
202,data_science_sct,analytics,29,data and analytics administrator,2,,1,,,,,,,,,,,,,,,,,,,,
203,data_science_sct,analytics,23,data analytics consultant,1,,1,,,,,,,,,,,,,,,,,,,,1
204,data_science_sct,analytics,16,analytics manager,4,,1,,,,,,,,,,,,,,,,,,,4,
205,data_science_sct,analytics,20,data analytics manager,4,,1,,,,,,,,,,,,,,,,,,,4,
206,data_science_sct,analytics,32,director of evaluation and analytics,1,,1,,,,,,,,,,,,,,,,,,,1,
207,data_science_sct,analytics,25,program manager of analytics,1,,1,,,,,,,,,,,,,,,,,,,1,
208,data_science_sct,analytics,18,data & analytics lead,1,,1,,,,,,,,,,,,,,,,,,,1,
209,data_science_sct,analytics,18,analytics executive,1,,1,,,,,,,,,,,,,,,,,,,1,
210,data_science_sct,analytics,17,vp of data analytics,1,,1,,,,,,,,,,,,,,,,,,,1,
211,data_science_sct,analytics,20,analytical generalist,1,,1,,,,,,,,,,,,,,,,,,,,
212,data_science_sct,analytics,33,"assistant director, data analytics",1,,1,,,,,,,,,,,,,,,,,,,1,
213,data_science_sct,analytics,19,analytics consultant,3,,1,,,,,,,,,,,,,,,,,,,,3
214,data_science_sct,analytics,22,manager of data analytics,2,,1,,,,,,,,,,,,,,,,,,,2,
215,data_science_sct,analytics,29,"director, analytics & insights",1,,1,,,,,,,,,,,,,,,,,,,1,
216,data_science_sct,analytics,17,director analytics,2,,1,,,,,,,,,,,,,,,,,,,2,
217,data_science_sct,analytics,32,senior data and analytics consultant,1,,1,,,,,,,,,,,,,,,,,,1,,1
218,data_science_sct,analytics,22,head of data and analytics,1,,1,,,,,,,,,,,,,,,,,,,1,
219,data_science_sct,analytics,28,director operations & analtyics,1,,1,,,,,,,,,,,,,,,,,,,1,
220,data_science_sct,analytics,33,director of data quality and analytics,1,,1,,,,,,,,,,,,,,,,,,,1,
221,data_science_sct,analytics,26,director of data and analytics,3,,1,,,,,,,,,,,,,,,,,,,3,
222,data_science_sct,analytics,23,analytics product manager,1,,1,,,,,,,,,,,,,,,,,,,1,
223,data_science_sct,analytics,24,analytics and insights lead,1,,1,,,,,,,,,,,,,,,,,,,1,
224,data_science_sct,analytics,22,senior manager analytics,1,,1,,,,,,,,,,,,,,,,,,1,,
225,data_science_sct,analytics,18,analytics architect,1,,1,,,,,,,,,,,,,,,,,,,,
226,data_science_sct,analytics,19,director of analytics,1,,1,,,,,,,,,,,,,,,,,,,1,
227,data_science_sct,analytics,35,"associate director, talent analytics",1,,1,,,,,,,,,,,,,,,,,,,1,
228,data_science_sct,analytics,23,data analytics specialist,1,,1,,,,,,,,,,,,,,,,,,,,
229,data_science_sct,analytics,26,manager compliance analytics,1,,1,,,,,,,,,,,,,,,,,,,1,
230,data_science_sct,analytics,15,hr analytics lead,1,,1,,,,,,,,,,,,,,,,,,,1,
231,data_science_sct,analytics,20,data and analytics lead,1,,1,,,,,,,,,,,,,,,,,,,1,
232,data_science_sct,analytics,30,service delivery leader analytics,1,,1,,,,,,,,,,,,,,,,,,,1,
233,data_science_sct,analytics,21,hr analytics specialist,1,,1,,,,,,,,,,,,,,,,,,,,
234,data_science_sct,analytics,29,"manager, analytics and reporting",1,,1,,,,,,,,,,,,,,,,,,,1,
235,data_science_sct,analytics,38,"senior internal auditor i, data analytics",1,,1,,,,,,,,,,,,,,,,,,,,
236,data_science_sct,analytics,37,"manager, data visualization and analytics",1,1,1,,,,,,,,,,,,,,,,,,,1,
237,data_science_sct,analytics,39,data analytics and visualization consultant,1,1,1,,,,,,,,,,,,,,,,,,,,1
238,data_science_sct,analytics,25,"manager, marketing anlytics",1,,1,,,,,,,,,,,,,,,,,,,1,
239,data_science_sct,analytics,31,research and data analytics manager,1,,1,,,,,,,,,,,,,,,,,,,1,
240,data_science_sct,analytics,30,research analyst/ asst. professor,1,,1,,,,,,,,,,1,1,,,,,,,,,
241,data_science_sct,analytics,31,senior visual analytics consultant,1,1,1,,,,,,,,,,,,,,,,,,1,,1
242,data_science_sct,analytics,26,manager compliance analytics,1,,1,,1,,,,,,,,,,,,,,,,,1,
243,data_science_sct,librarian,9,librarian,1,,1,,,,,,,,,,,,,,,,,,,,
244,data_science_sct,librarian,44,information design & data visualization librarian,1,1,1,,,,1,,,,,,,,,,,,,,,,
245,data_science_sct,librarian,26,data visualization librarian,1,1,1,,,,,,,,,,,,,,,,,,,,
246,data_science_sct,librarian,34,interim digital collections librarian,1,,1,1,,,,,,,,,,,,,,,,,,,
247,data_science_sct,librarian,21,data services librarian,1,,1,,,,,,,,,,,,,,,,,,,,
248,data_science_sct,librarian,34,electronic and data services librarian,1,,1,1,,,,,,,,,,,,,,,,,,,
249,data_science_sct,librarian,30,gis & data visualization librarian,1,1,1,,,,,,,,,,,,,,,,,,,,
250,data_science_sct,geo,9,gis intern,1,,1,,,,,,,,,,,,,,,,,,,,
251,data_science_sct,geo,10,gis analyst,2,,1,,,,,,,,,,,,,,,,,,,,
252,data_science_sct,geo,13,gis specialist,3,,1,,,,,,,,,,,,,,,,,,,,
253,data_science_sct,geo,44,geographic information systems (gis) data analyst,1,,1,,,,,,,,,,,,,,,,,,,,
254,data_science_sct,geo,20,spatial data scientist,1,,1,,,,,,,,,,,,,,,,,,,,
255,data_science_sct,geo,17,geospatial analyst,2,,1,,,,,,,,,,,,,,,,,,,,
256,data_science_sct,geo,19,geospatial scientist,1,,1,,,,,,,,,,,,,,,,,,,,
257,data_science_sct,geo,31,"senior planner, spatial analysis",2,,1,,,,,,,,,,,,,,,,,,2,,
258,data_science_sct,geo,24,geospatial technology lead,1,,1,1,,,,,,,,,,,,,,,,,,1,
259,data_science_sct,geo,26,geospatial services director,1,,1,,,,,,,,,,,,,,,,,,,1,
260,data_science_sct,geo,52,"independent designer, cartographer and data visualization",1,1,1,,,,1,,,,,,,,,,,,,,,,1
261,data_science_sct,geo,21,junior web cartographer,1,,1,1,,,,,,,,,,,,,,,,,,,
262,data_science_sct,dataviz,24,data visualisation coe lead,1,1,1,,,,,,,,,,,,,,,,,,,1,
263,data_science_sct,dataviz,27,data visualization consultant,3,1,1,,,,,,,,,,,,,,,,,,,,3
264,data_science_sct,dataviz,27,head of data visualization team,1,1,1,,,,,,,,,,,,,,,,,,,1,
265,data_science_sct,dataviz,27,data visualization specialist,8,1,1,,,,,,,,,,,,,,,,,,,,
266,data_science_sct,dataviz,24,data visualisation officer,2,1,1,,,,,,,,,,,,,,,,,,,,
267,data_science_sct,dataviz,11,data viz lead,1,1,1,,,,,,,,,,,,,,,,,,,1,
268,data_science_sct,dataviz,23,data visualization expert,1,1,1,,,,,,,,,,,,,,,,,,,,
269,data_science_sct,dataviz,23,head of data visualisation,1,1,1,,,,,,,,,,,,,,,,,,,1,
270,data_science_sct,dataviz,23,data visualization intern,1,1,1,,,,,,,,,,,,,,,,,,,,
271,data_science_sct,dataviz,21,data visualization lead,2,1,1,,,,,,,,,,,,,,,,,,,2,
272,data_science_sct,dataviz,19,vp data visualization,1,1,1,,,,,,,,,,,,,,,,,,,1,
273,data_science_sct,dataviz,27,datavisualization consultant,1,1,1,,,,,,,,,,,,,,,,,,,,1
274,data_science_sct,dataviz,42,co-founder and chief data visualization officer,1,1,1,,,,,,,,,,,,,,,,,,,1,
275,data_science_sct,dataviz,31,"sr. director, data visualization",1,1,1,,,,,,,,,,,,,,,,,,1,1,
276,data_science_sct,dataviz,25,data visualisation producer,1,1,1,,,,,,,,,,,,,,,,,,,,
277,data_science_sct,dataviz,29,data visualization strategy lead,1,1,1,,,,,,,,,,,,,,,,,,,1,
278,data_science_sct,dataviz,25,data visualisation director,1,1,1,,,,,,,,,,,,,,,,,,,1,
279,data_science_sct,dataviz,25,chief visualization officer,1,1,1,,,,,,,,,,,,,,,,,,,,
280,data_science_sct,dataviz,19,head of visualisation,1,1,1,,,,,,,,,,,,,,,,,,,1,
281,data_science_sct,dataviz,24,data visualization advisor,1,1,1,,,,,,,,,,,,,,,,,,,,
282,data_science_sct,dataviz,32,program head - data visualization coe,1,1,1,,,,,,,,,,,,,,,,,,,1,
283,data_science_sct,dataviz,36,data visualisation and analytics manager,1,1,1,,,,,,,,,,,,,,,,,,,1,
284,data_science_sct,dataviz,17,data viz specialist,1,1,1,,,,,,,,,,,,,,,,,,,,
285,data_science_sct,dataviz,38,director of interactive data visualization,1,1,1,1,,,,,,,,,,,,,,,,,,1,
286,data_science_sct,dataviz,23,visualization consultant,1,1,1,,,,,,,,,,,,,,,,,,,,1
287,data_science_sct,dataviz,27,data visualisation consultant,1,1,1,,,,,,,,,,,,,,,,,,,,1
288,data_science_sct,dataviz,42,infographics and data visualization specialist,1,1,1,,,,,,,,,,,,,,,,,,,,
289,data_science_sct,dataviz,31,head of advanced data visualization,1,1,1,,,,,,,,,,,,,,,,,,,1,
290,data_science_sct,dataviz,19,visual data architect,1,1,1,,,,,,,,,,,,,,,,,,,,
291,data_science_sct,dataviz,24,data visualization manager,1,1,1,,,,,,,,,,,,,,,,,,,1,
292,data_science_sct,dataviz,17,data viz enthusiast,1,1,1,,,,,,,,,,,,,,,,,,,,
293,data_science_sct,dataviz,23,data visualization editor,1,1,1,,,,,,,,,,,,,,,,,,,,
294,data_science_sct,dataviz,29,senior data visualization editor,1,1,1,,,,,,,,,,,,,,,,,,1,,
295,data_science_sct,dataviz,17,data visuals editor,1,1,1,,,,,,,,,,,,,,,,,,,,
296,data_science_sct,dataviz,24,data visualization analyst,6,1,1,,,,,,,,,,,,,,,,,,,,
297,data_science_sct,dataviz,34,data visualization consulting analyst,1,1,1,,,,,,,,,,,,,,,,,,,,1
298,data_science_sct,dataviz,32,reporting and visualisation manager,1,1,1,,,,,,,,,,,,,,,,,,,1,
299,data_science_sct,dataviz,48,data visualization visionnaire - platform product lead,1,1,1,,,,,,,,,,,,,,,,,,,1,
300,data_science_sct,dataviz,82,"the two titles i've held in the past year are: senior data visualization engineer, ux developer",1,1,1,1,,,,,,,,,,,,,,,,,1,,
301,it_sct,dev,9,developer,3,,,1,,,,,,,,,,,,,,,,,,,
302,it_sct,dev,18,freelance developer,2,,,1,,,,,,,,,,,,,,,,,,,2
303,it_sct,dev,15,senior developer,1,,,1,,,,,,,,,,,,,,,,,1,,
304,it_sct,dev,13,lead developer,1,,,1,,,,,,,,,,,,,,,,,,1,
305,it_sct,dev,38,lead developer and digital projects manager,1,,,1,,,,,,,,,,,,,,,,,,,1
306,it_sct,dev,20,independent developer,1,,,1,,,,,,,,,,,,,,,,,,,
307,it_sct,dev,16,tableau developer,2,1,1,1,,,,,,,,,,,,,,,,,,,
308,it_sct,dev,12,web developer,5,,,1,,,,,,,,,,,,,,,,,,,
309,it_sct,dev,18,senior web developer,1,,,1,,,,,,,,,,,,,,,,,1,,
310,it_sct,dev,22,web developer and student,1,,,1,,,,,,,,1,,,,,,,,,,,
311,it_sct,dev,13,ui / ux engineer,1,,,1,,,,,,,,,,,,,,,,,,,
312,it_sct,dev,16,frontend developer,5,,,1,,,,,,,,,,,,,,,,,,,
313,it_sct,dev,16,frontend engineer,2,,,1,,,,,,,,,,,,,,,,,,,
314,it_sct,dev,23,senior frontend developer,1,,,1,,,,,,,,,,,,,,,,,1,,
315,it_sct,dev,18,r and shiny developer,1,,,1,,,,,,,,,,,,,,,,,,,
316,it_sct,dev,15,report developer,1,,1,1,,,,,,,,,,,,,,,,,,,
317,it_sct,dev,17,software developer,5,,,1,,,,,,,,,,,,,,,,,,,
318,it_sct,dev,16,software engineer,13,,,1,,,,,,,,,,,,,,,,,,,
319,it_sct,dev,21,staff software engineer,2,,,1,,,,,,,,,,,,,,,,,,,
320,it_sct,dev,22,senior software engineer,6,,,1,,,,,,,,,,,,,,,,,6,,
321,it_sct,dev,20,lead software engineer,1,,,1,,,,,,,,,,,,,,,,,,1,
322,it_sct,dev,21,sr. software engineer ii,1,,,1,,,,,,,,,,,,,,,,,1,,
323,it_sct,dev,22,"vp, software engineering",1,,,1,,,,,,,,,,,,,,,,,,1,
324,it_sct,dev,18,sr software engineer,1,,,1,,,,,,,,,,,,,,,,,1,,
325,it_sct,dev,45,software engineer and data visualisation developer,1,1,,1,,,,,,,,,,,,,,,,,,,
326,it_sct,dev,53,software development scientist / research software engineer,1,,,1,1,,,,,,,,,1,,,,,,,,,
327,it_sct,dev,27,scientific software developer,1,,,1,1,,,,,,,,,,,,,,,,,,
328,it_sct,dev,30,data scientist / software engineer,1,,1,1,,,,,,,,,,,,,,,,,,,
329,it_sct,dev,34,software developer / bioinformatician,1,,,1,1,,,,,,,,,,,,,,,,,,
330,it_sct,dev,17,database developer,1,,,1,,,,,,,,,,,,,,,,,,,
331,it_sct,dev,26,data visualisation developer,1,1,,1,,,,,,,,,,,,,,,,,,,
332,it_sct,dev,26,data visualization developer,4,1,,1,,,,,,,,,,,,,,,,,,,
333,it_sct,dev,28,web data visualisation engineer,1,1,,1,,,,,,,,,,,,,,,,,,,
334,it_sct,dev,31,senior data visualization engineer,1,1,,1,,,,,,,,,,,,,,,,,1,,
335,it_sct,dev,35,freelance data visualization developer,1,1,,1,,,,,,,,,,,,,,,,,,,1
336,it_sct,dev,25,data visualization engineer,17,1,,1,,,,,,,,,,,,,,,,,,,
337,it_sct,dev,21,visualization engineer,1,1,,1,,,,,,,,,,,,,,,,,,,
338,it_sct,dev,33,sr data visualization design engineer,1,1,,1,,,1,,,,,,,,,,,,,,1,,
339,it_sct,dev,28,sr. data visualization engineer,1,1,,1,,,,,,,,,,,,,,,,,1,,
340,it_sct,dev,19,data viz lead engineer,1,1,,1,,,,,,,,,,,,,,,,,,1,
341,it_sct,dev,30,lead data visualisation developer,1,1,,1,,,,,,,,,,,,,,,,,,1,
342,it_sct,dev,32,technical lead (data visualization),1,1,,1,,,,,,,,,,,,,,,,,,1,
343,it_sct,dev,15,data viz engineer,1,1,,1,,,,,,,,,,,,,,,,,,,
344,it_sct,dev,18,editorial developer,4,,,1,,,,1,,,,,,,,,,,,,,,
345,it_sct,dev,28,full-stack editorial developer,1,,,1,,,,1,,,,,,,,,,,,,,,
346,it_sct,dev,19,application team lead,1,,,1,,,,,,,,,,,,,,,,,,1,
347,it_sct,dev,27,software engineer / ux designer,1,,,1,,,1,,,,,,,,,,,,,,,,
348,it_sct,dev,34,senior front end designer and developer,1,,,1,,,1,,,,,,,,,,,,,,1,,
349,it_sct,dev,41,"developer/designer, news and special projects",1,,,1,,,1,1,,,,,,,,,,,,,,,
350,it_sct,it,21,database administrator,1,,,1,,,,,,,,,,,,,,,,,,,
351,it_sct,it,28,evaluation and database manager,1,,,1,,,,,,,,,,,,,,,,,,,
352,it_sct,it,21,it applications analyst,1,,1,1,,,,,,,,,,,,,,,,,,,
353,it_sct,it,3,dsi,1,,,1,,,,,,,,,,,,,,,,,,,
354,it_sct,it,12,it specialist,1,,,1,,,,,,,,,,,,,,,,,,,
355,it_sct,it,9,it manager,1,,,1,,,,,,,,,,,,,,,,,,1,
356,it_sct,it,26,chief of it service of hospital,1,,,1,,,,,,,,,,,,,,,,,,1,
357,it_sct,it,25,senior associate technology,1,,,1,,,,,,,,,,,,,,,,,1,,
358,it_sct,it,25,"manager, technical services",1,,,1,,,,,,,,,,,,,,,,,,1,
359,it_sct,it,19,chief digital officer,1,,,1,,,,,,,,,,,,,,,,,,1,
360,it_sct,it,21,application specialist,1,,,1,,,,,,,,,,,,,,,,,,,
361,it_sct,it,20,director of technology,1,,,1,,,,,,,,,,,,,,,,,,1,
362,it_sct,it,17,seo program manager,1,,1,1,,,,,,,,,,,,,,,,,,1,
363,it_sct,it,38,vice director of technological development,1,,,1,,,,,,,,,,,,,,,,,,1,
364,it_sct,it,17,digital strategist,2,,1,1,,,,,,,,,,,,,,,,,,,
365,it_sct,it,25,interactive project manager,1,,,1,,,,,,,,,,,,,,,,,,1,
366,it_sct,it,23,health informatics officer,1,,,1,1,,,,,,,,,,,,,,,,,,
367,it_sct,it,37,scientific operations systems specialist,1,,,1,1,,,,,,,,,,,,,,,,1,,
368,it_sct,it,29,marketing technology consultant,1,,,1,,,,1,,,,,,,,,,,,,,,
369,it_sct,it,18,design technologist,1,,,1,,,1,,,,,,,,,,,,,,,,
370,it_sct,it,18,senior technologist,1,,,1,,,,,,,,,,,,,,,,,1,,
371,it_sct,it,22,senior security engineer,1,,,1,,,,,,,,,,,,,,,,,1,,
372,it_sct,it,18,security strategist,1,,1,1,,,,,,,,,,,,,,,,,,,
373,it_sct,it,19,technical specialist,1,,,1,,,,,,,,,,,,,,,,,,,
374,it_sct,it,28,senior member of technical staff,1,,,1,,,,,,,,,,,,,,,,,1,,
375,it_sct,it,3,ls3,1,,,1,,,,,,,,,,,,,,,,,,,
376,it_sct,it,42,ict4d platform and knowledge management officer,1,,,1,,,,,,,,,1,,,,,,,,,1,
377,it_sct,it,17,solution architect,4,,,1,,,,,,,,,,,,,,,,,,,
378,it_sct,it,30,technology learning & development,1,,,1,,,,,,,,,1,,,,,,,,,,
379,it_sct,it,8,tech lead,1,,,1,,,,,,,,,,,,,,,,,,1,
380,it_sct,it,11,tech manager,1,,,1,,,,,,,,,,,,,,,,,,1,
381,it_sct,eng,3,ing,1,,,,1,,,,,,,,,,,,,,,,,,
382,it_sct,eng,11,engineer iii,1,,,,1,,,,,,,,,,,,,,,,,,
383,it_sct,eng,17,principal engineer,2,,,,1,,,,,,,,,,,,,,,,,2,
384,it_sct,eng,18,engineering manager,2,,,,1,,,,,,,,,,,,,,,,,2,
385,it_sct,eng,15,process engineer,1,,,,1,,,,,,,,,,,,,,,,,,
386,it_sct,eng,16,computer engineer,1,,,1,1,,,,,,,,,,,,,,,,,,
387,it_sct,eng,15,support engineer,1,,,,1,,,,,,,,,,,,,,,,,,
388,it_sct,eng,26,"project leader, evaluation",1,,,,1,,,,,,,,,,,,,,,,,1,
389,it_sct,eng,14,system engineer,1,,,1,1,,,,,,,,,,,,,,,,,,
390,it_sct,eng,36,power systems and data analytics engineer,1,,1,1,1,,,,,,,,,,,,,,,,,,
391,it_sct,eng,20,lead solution engineer,1,,,,1,,,,,,,,,,,,,,,,,1,
392,it_sct,eng,12,data engineer,7,,1,1,,,,,,,,,,,,,,,,,,,
393,it_sct,eng,18,senior data engineer,1,,1,1,,,,,,,,,,,,,,,,,1,,
394,it_sct,eng,16,lead data engineer,1,,1,1,,,,,,,,,,,,,,,,,,1,
395,it_sct,eng,28,business intelligence engineer,3,,1,1,,,,,,,,,,,,,,,,,,,
396,it_sct,eng,19,sr analytics engineer,1,,1,1,,,,,,,,,,,,,,,,,1,,
397,it_sct,eng,18,analytics developer,1,,1,1,,,,,,,,,,,,,,,,,,,
398,it_sct,eng,17,analytics engineer,1,,1,1,,,,,,,,,,,,,,,,,,,
399,it_sct,eng,34,data analysis & visualization engineer,1,1,1,1,,,,,,,,,,,,,,,,,,,
400,it_sct,eng,15,insight engineer,1,,1,,,,,,,,,,,,,,,,,,,,
401,it_sct,eng,15,project engineer,1,,,,1,,,,,,,,,,,,,,,,,,
402,it_sct,eng,39,"bioprocess engineer, independent, tinkerer",1,,,,1,,,,,,,,,,,,,,,,,,
403,it_sct,scientist,9,scientist,2,,,,1,,,,,,,,,,,,,,,,,,
404,it_sct,scientist,15,senior scientist,5,,,,1,,,,,,,,,,,,,,,,5,,
405,it_sct,scientist,35,senior computational biology scientist,1,,,1,1,,,,,,,,,,,,,,,,1,,
406,it_sct,scientist,14,epidemiologist,3,,,,1,,,,,,,,,,,,,,,,,,
407,it_sct,scientist,26,senior football physiologist,1,,,,1,,,,,,,,,,,,,,,,1,,
408,it_sct,scientist,17,geology consultant,1,,,,1,,,,,,,,,,,,,,,,,,1
409,it_sct,scientist,17,resource geologist,1,,,,1,,,,,,,,,,,,,,,,,,
410,it_sct,scientist,26,"health specialist, planner",1,,,,1,,,,,,,,,,,,,,,,,,
411,it_sct,scientist,9,paramedic,1,,,,1,,,,,,,,,,,,,,,,,,
412,it_sct,scientist,11,optometrist,1,,,,1,,,,,,,,,,,,,,,,,,
413,it_sct,scientist,19,behavioral scientist,1,,,,1,,,,,,,,,,,,,,,,,,
414,it_sct,scientist,9,ecologist,1,,,,1,,,,,,,,,,,,,,,,,,
415,it_sct,scientist,18,scientific employee,1,,,,1,,,,,,,,,,,,,,,,,,
416,it_sct,scientist,20,project leader medchem,1,,,,1,,,,,,,,,,,,,,,,,1,
417,it_sct,scientist,20,head of bioinformatics,2,,,1,1,,,,,,,,,,,,,,,,,2,
418,it_sct,scientist,12,statistician,5,,1,,1,,,,,,,,,,,,,,,,,,
419,it_sct,scientist,21,biostatistician helper,1,,1,,1,,,,,,,,,,,,,,,,,,
420,it_sct,scientist,22,retired biostatistician,1,,1,,1,,,,,,,,,,,,,,,,,,
421,it_sct,scientist,35,scientist / data visualization designer,1,1,,1,1,,,,,,,,,,,,,,,,,,
422,it_sct,scientist,28,medical specialist / consultant,1,,,,1,,,,,,,,,,,,,,,,,,1
423,design_comm_sct,artist,47,"artist, independently studying data visualization",1,,1,,,1,,,,,,,,,,,,,,,,,
424,design_comm_sct,artist,10,data artist,1,,1,,,1,,,,,,,,,,,,,,,,,
425,design_comm_sct,artist,16,artist researcher,1,,,,,1,,,,,,,,1,,,,,,,,,
426,design_comm_sct,artist,23,data visualization artist,1,1,,,,1,,,,,,,,,,,,,,,,,
427,design_comm_sct,designer,8,designer,11,,,,,,1,,,,,,,,,,,,,,,,
428,design_comm_sct,designer,14,visual designer,1,,,,,,1,,,,,,,,,,,,,,,,
429,design_comm_sct,designer,24,visual design specialist ii,1,,,,,,1,,,,,,,,,,,,,,,,
430,design_comm_sct,designer,12,lead designer,2,,,,,,1,,,,,,,,,,,,,,,2,
431,design_comm_sct,designer,34,design consultant/freelance designer,1,,,,,,1,,,,,,,,,,,,,,,,1
432,design_comm_sct,designer,35,visual communication design specialist,1,,,,,,1,1,,,,,,,,,,,,,,,
433,design_comm_sct,designer,18,visual design expert,1,,,,,,1,,,,,,,,,,,,,,,,
434,design_comm_sct,designer,17,principal designer,1,,,,,,1,,,,,,,,,,,,,,,1,
435,design_comm_sct,designer,12,head of design,1,,,,,,1,,,,,,,,,,,,,,,1,
436,design_comm_sct,designer,27,"manager, digital experience",1,,,1,,,1,,,,,,,,,,,,,,,1,
437,design_comm_sct,designer,14,design director,2,,,,,,1,,,,,,,,,,,,,,,2,
438,design_comm_sct,designer,20,global design director,1,,,,,,1,,,,,,,,,,,,,,,1,
439,design_comm_sct,designer,20,designer and professor,2,,,,,1,1,,,,,,1,,,,,,,,,,
440,design_comm_sct,designer,21,visual content designer,1,,,,,,1,,,,,,,,,,,,,,,,
441,design_comm_sct,designer,19,lead graphic designer,1,,,,,,1,,,,,,,,,,,,,,,1,
442,design_comm_sct,designer,15,graphic designer,7,,,,,,1,,,,,,,,,,,,,,,,
443,design_comm_sct,designer,20,graphic design manager,1,,,,,,1,,,,,,,,,,,,,,,1,
444,design_comm_sct,designer,16,team lead graphics,1,,,,,,1,,,,,,,,,,,,,,,1,
445,design_comm_sct,designer,27,graphic design project manager,1,,,,,,1,,,,,,,,,,,,,,,1,
446,design_comm_sct,designer,16,design strategist,1,,,,,,1,,,,,,,,,,,,,,,,
447,design_comm_sct,designer,37,data visualization designer and developer,2,1,1,1,,,1,,,,,,,,,,,,,,,,
448,design_comm_sct,designer,46,data visualization developer // design technologist,1,1,1,1,,,1,,,,,,,,,,,,,,,,
449,design_comm_sct,designer,25,data visualization designer,17,1,1,,,,1,,,,,,,,,,,,,,,,
450,design_comm_sct,designer,15,dataviz designer,1,1,1,,,,1,,,,,,,,,,,,,,,,
451,design_comm_sct,designer,36,independent data visualization designer,1,1,1,,,,1,,,,,,,,,,,,,,,,1
452,design_comm_sct,designer,34,freelance data visualization designer,1,1,1,,,,1,,,,,,,,,,,,,,,,1
453,design_comm_sct,designer,35,senior lead data visualization designer,1,1,1,,,,1,,,,,,,,,,,,,,1,1,
454,design_comm_sct,designer,20,data graphics designer,1,1,1,,,,1,,,,,,,,,,,,,,,,
455,design_comm_sct,designer,25,designer and data visualiser,1,1,1,,,,1,,,,,,,,,,,,,,,,
456,design_comm_sct,designer,24,freelance dataviz designer,1,1,1,,,,1,,,,,,,,,,,,,,,,1
457,design_comm_sct,designer,19,infographic designer,1,1,1,,,,1,,,,,,,,,,,,,,,,
458,design_comm_sct,designer,26,senior infographics designer,1,1,1,,,,1,,,,,,,,,,,,,,1,,
459,design_comm_sct,designer,30,ux and data visualization designer,1,1,1,,,,1,,,,,,,,,,,,,,,,
460,design_comm_sct,designer,18,ux + dataviz designer,1,1,1,,,,1,,,,,,,,,,,,,,,,
461,design_comm_sct,designer,31,senior data visualization designer,2,1,1,,,,1,,,,,,,,,,,,,,2,,
462,design_comm_sct,designer,34,product design / front-end development,1,,,1,,,1,,,,,,,,,,,,,,,,
463,design_comm_sct,designer,23,ux architect & sr developer,1,,,1,,,1,,,,,,,,,,,,,,,,
464,design_comm_sct,designer,10,ux designer,6,,,,,,1,,,,,,,,,,,,,,,,
465,design_comm_sct,designer,31,principal user experience designer,1,,,,,,1,,,,,,,,,,,,,,,1,
466,design_comm_sct,designer,16,senior ux designer,2,,,,,,1,,,,,,,,,,,,,,2,,
467,design_comm_sct,designer,3,uxe,1,,,,,,1,,,,,,,,,,,,,,,,
468,design_comm_sct,designer,37,senior principal user experience designer,1,,,,,,1,,,,,,,,,,,,,,1,,
469,design_comm_sct,designer,28,senior user experience designer,2,,,,,,1,,,,,,,,,,,,,,2,,
470,design_comm_sct,designer,9,ux manager,2,,,,,,1,,,,,,,,,,,,,,,2,
471,design_comm_sct,designer,12,ux strategist,1,,,,,,1,,,,,,,,,,,,,,,,
472,design_comm_sct,designer,11,ux architect,2,,,,,,1,,,,,,,,,,,,,,,,
473,design_comm_sct,designer,22,user experience designer,1,,,,,,1,,,,,,,,,,,,,,,,
474,design_comm_sct,designer,31,ui/ux designer & research associate,1,,,,,,1,,,,,,,1,,,,,,,,,
475,design_comm_sct,designer,13,ux/ui designer,2,,,,,,1,,,,,,,,,,,,,,,,
476,design_comm_sct,designer,15,digital designer,1,,,1,,,1,,,,,,,,,,,,,,,,
477,design_comm_sct,designer,24,freelance digital designer,1,,,1,,,1,,,,,,,,,,,,,,,,1
478,design_comm_sct,designer,19,interaction designer,1,,,1,,,1,,,,,,,,,,,,,,,,
479,design_comm_sct,designer,19,graphic & web designer,1,,,1,,,1,,,,,,,,,,,,,,,,
480,design_comm_sct,designer,12,data designer,3,1,1,,,,1,,,,,,,,,,,,,,,,
481,design_comm_sct,designer,16,creative director,3,,,,,,1,,,,,,,,,,,,,,,3,
482,design_comm_sct,designer,26,partner and creative director,1,,,,,,1,,,,,,,,,,,,,,,1,
483,design_comm_sct,designer,20,chief creative officer,1,,,,,,1,,,,,,,,,,,,,,,1,
484,design_comm_sct,designer,42,"creative director, founder of bass designs, inc.",1,,,,,,1,,,,,,,,,,,,,,,1,
485,design_comm_sct,designer,37,creative dr. / science visual communicator,1,,,,1,,1,,,,,,,,,,,,,,,1,
486,design_comm_sct,designer,29,distinguished design strategist,1,,,,,,1,,,,,,,,,,,,,,,,
487,design_comm_sct,designer,22,design strategy director,1,,,,,,1,,,,,,,,,,,,,,,1,
488,design_comm_sct,designer,14,graphics editor,6,,,,,,1,,,,,,,,,,,,,,,,
489,design_comm_sct,designer,14,head of graphics,1,,,,,,1,,,,,,,,,,,,,,,1,
490,design_comm_sct,designer,21,data and graphics editor,1,1,1,,,,1,,,,,,,,,,,,,,,,
491,design_comm_sct,designer,12,visual editor,2,,,,,,1,,,,,,,,,,,,,,,,
492,design_comm_sct,designer,20,visual projects editor,1,,,,,,1,,,,,,,,,,,,,,,,
493,design_comm_sct,designer,20,coeditor de infograf√≠a,1,,,,,,1,,,,,,,,,,,,,,,,
494,design_comm_sct,designer,20,information architect,1,,,,,,1,,,,,,,,,,,,,,,,
495,design_comm_sct,designer,19,information designer,14,,,,,,1,,,,,,,,,,,,,,,,
496,design_comm_sct,designer,27,information graphics director,1,,,,,,1,,,,,,,,,,,,,,,,
497,design_comm_sct,designer,27,visual information specialist,2,,,,,,1,,,,,,,,,,,,,,,,
498,design_comm_sct,designer,28,visual and information designer,1,,,,,,1,,,,,,,,,,,,,,,,
499,design_comm_sct,designer,21,information specialist,1,,,,,,1,,,,,,,,,,,,,,,,
500,design_comm_sct,designer,27,information graphics designer,1,,,,,,1,,,,,,,,,,,,,,,,
501,design_comm_sct,designer,23,senior information design,1,,,,,,1,,,,,,,,,,,,,,1,,
502,design_comm_sct,designer,28,principal information designer,1,,,,,,1,,,,,,,,,,,,,,,,
503,design_comm_sct,designer,21,instructional designer,1,,,,,,1,,,,,,,,,,,,,,,,
504,design_comm_sct,designer,22,information & ux designer,2,,,,,,1,,,,,,,,,,,,,,,,
505,design_comm_sct,designer,25,ui/ux & information designer,1,,,,,,1,,,,,,,,,,,,,,,,
506,design_comm_sct,designer,15,product designer,4,,,,,,1,,,,,,,,,,,,,,,,
507,design_comm_sct,designer,18,sr. product designer,1,,,,,,1,,,,,,,,,,,,,,1,,
508,design_comm_sct,designer,21,senior product designer,2,,,,,,1,,,,,,,,,,,,,,2,,
509,design_comm_sct,designer,20,product_data  designer,1,,,,,,1,,,,,,,,,,,,,,,,
510,design_comm_sct,designer,24,associate product designer,1,,,,,,1,,,,,,,,,,,,,,,1,
511,design_comm_sct,designer,21,senior design architect,1,,,,,,1,,,,,,,,,,,,,,1,,
512,design_comm_sct,designer,25,workplace design strategist,1,,,,,,1,,,,,,,,,,,,,,,,
513,design_comm_sct,designer,32,workplace strategy and space analyst,1,,,,,,1,,,,,,,,,,,,,,,,
514,design_comm_sct,designer,26,engagement and design adviser,1,,,,,,1,,,,,,,,,,,,,,,,
515,design_comm_sct,journalist,16,intern journalist,1,,,,,,,1,,,,,,,,,,,,,,,
516,design_comm_sct,journalist,10,journalist,3,,,,,,,1,,,,,,,,,,,,,,,
517,design_comm_sct,journalist,14,data journalist,7,,1,,,,,1,,,,,,,,,,,,,,,
518,design_comm_sct,journalist,12,data reporter,1,,1,,,,,1,,,,,,,,,,,,,,,
519,design_comm_sct,journalist,33,"data journalist, project manager",1,,1,,,,,1,,,,,,,,,,,,,,1,
520,design_comm_sct,journalist,30,data and visualization journalist,1,1,1,,,,,1,,,,,,,,,,,,,,,
521,design_comm_sct,journalist,27,data visualization journalist,1,1,,,,,,1,,,,,,,,,,,,,,,
522,design_comm_sct,journalist,20,visual data journalist,1,1,,,,,,1,,,,,,,,,,,,,,,
523,design_comm_sct,journalist,16,visual journalist,1,1,,,,,,1,,,,,,,,,,,,,,,
524,design_comm_sct,journalist,16,graphics reporter,1,,,,,,,1,,,,,,,,,,,,,,,
525,design_comm_sct,journalist,29,head of visual and data journalism,1,1,1,,,,,1,,,,,,,,,,,,,,1,
526,design_comm_sct,journalist,27,data journalist and researcher,1,,1,,,,,1,,,,,,1,,,,,,,,,
527,design_comm_sct,journalist,25,"graphics reporter, design",1,,,,,,1,1,,,,,,,,,,,,,,,
528,design_comm_sct,journalist,21,infographic journalist,1,1,1,,,,,1,,,,,,,,,,,,,,,
529,design_comm_sct,journalist,25,freelance (data)journalist,1,,1,,,,,1,,,,,,,,,,,,,,,1
530,design_comm_sct,journalist,33,senior data visualisation journalist,1,1,1,,,,,1,,,,,,,,,,,,,1,,
531,design_comm_sct,journalist,15,graphic reporter,1,,,,,,1,1,,,,,,,,,,,,,,,
532,design_comm_sct,journalist,22,senior visual journalist,1,1,1,,,,,1,,,,,,,,,,,,,1,,
533,design_comm_sct,journalist,22,student / data journalist,1,,1,,,,,1,,,,1,,,,,,,,,,,
534,design_comm_sct,journalist,18,journalist engineer,2,,,1,,,,1,,,,,,,,,,,,,,,
535,design_comm_sct,journalist,24,senior journalist engineer,1,,,1,,,,1,,,,,,,,,,,,,1,,
536,design_comm_sct,writer,11,staff writer,1,,,,,,,1,,,,,,,,,,,,,,,
537,design_comm_sct,writer,13,medical writer,1,,,,1,,,1,,,,,,,,,,,,,,,
538,design_comm_sct,writer,18,sr. technical writer,1,,,1,,,,1,,,,,,,,,,,,,1,,
539,design_comm_sct,writer,15,freelance writer,1,,,,,,,1,,,,,,,,,,,,,,,1
540,design_comm_sct,writer,28,senior content marketing writer,1,,,,,,,1,,,,,,,,,,,,,1,,
541,design_comm_sct,writer,21,senior marketing editor,1,,,,,,,1,,,,,,,,,,,,,1,,
542,design_comm_sct,writer,11,coeditor web,1,,,1,,,,1,,,,,,,,,,,,,,,
543,design_comm_sct,writer,23,web content administrator,1,,,1,,,,1,,,,,,,,,,,,,,,
544,design_comm_sct,writer,40,"writer, social media, and various other hats",1,,,1,,,,1,,,,,,,,,,,,,,,
545,design_comm_sct,writer,14,content manager,1,,,,,,,1,,,,,,,,,,,,,,,
546,design_comm_sct,writer,16,multimedia editor,1,,,1,,,,1,,,,,,,,,,,,,,,
547,design_comm_sct,writer,25,managing editor - production,1,,,,,,,1,,,,,,,,,,,,,,1,
548,design_comm_sct,writer,14,managing editor,1,,,,,,,1,,,,,,,,,,,,,,1,
549,design_comm_sct,writer,6,editor,2,,,,,,,1,,,,,,,,,,,,,,,
550,design_comm_sct,social_public,13,policy analyst,4,,1,,,,,,,,,,,,,,,,,,,,
551,design_comm_sct,social_public,13,people analyst,1,,1,,,,,,,,,,,,,,,,,,,,
552,design_comm_sct,social_public,25,people analytics specialist,1,,1,,,,,,,,,,,,,,,,,,,,
553,design_comm_sct,social_public,21,people strategy analyst,1,,1,,,,,,,,,,,,,,,,,,,,
554,design_comm_sct,social_public,30,criminal justice senior evaluator,1,,1,,,,,,,,,,,,,,,,,,,,
555,design_comm_sct,social_public,11,sociologist,1,,,1,,,,,,,,,,,,,,,,,,,
556,design_comm_sct,social_public,26,director of population health,1,,,,1,,,,,,,,,,,,,,,,,1,
557,design_comm_sct,social_public,37,public health communications coordinator,1,,,,1,,,1,,,,,,,,,,,,,,1,
558,design_comm_sct,social_public,28,programme specialist - hiv/aids,1,,,,1,,,,,,,,,,,,,,,,,,
559,design_comm_sct,social_public,40,"program manager, community health planning",1,,,,1,,,,,,,,,,,,,,,,,1,
560,design_comm_sct,social_public,31,program manager - population health,1,,,,1,,,,,,,,,,,,,,,,,1,
561,design_comm_sct,social_public,43,department manager of federal program evaluation,1,,1,,,,,,,,,,,,,,,,,,,1,
562,design_comm_sct,social_public,16,community planner,1,,,,1,,,,,,,,,,,,,,,,,,
563,design_comm_sct,social_public,25,director of community impact,1,,,,1,,,,,,,,,,,,,,,,,1,
564,design_comm_sct,social_public,12,civil servant,1,,,,,,,,,,,,,,1,,,,,,,,
565,design_comm_sct,social_public,30,communications & advocacy officer,1,,,,,,,1,,,,,,,,,,,,,,,
566,design_comm_sct,social_public,27,social science research analyst,1,,1,,1,,,,,,,,,,,,,,,,,,
567,design_comm_sct,comm_marketing,24,communications consultant,1,,,,,,,1,,,,,,,,,,,,,,,1
568,design_comm_sct,comm_marketing,24,communications specialist,1,,,,,,,1,,,,,,,,,,,,,,,
569,design_comm_sct,comm_marketing,34,currently it's communications manager,1,,,,,,,1,,,,,,,,,,,,,,1,
570,design_comm_sct,comm_marketing,21,communications manager,1,,,,,,,1,,,,,,,,,,,,,,1,
571,design_comm_sct,comm_marketing,36,communications and partnerships manager,1,,,,,,,1,,,,,,,,,,,,,,1,
572,design_comm_sct,comm_marketing,17,editorial director,1,,,,,,,1,,,,,,,,,,,,,,1,
573,design_comm_sct,comm_marketing,43,senior associate: communications and evaluation,1,,1,,,,,1,,,,,,,,,,,,,,1,
574,design_comm_sct,comm_marketing,13,marketing lead,1,,,,,,,1,,,,,,,,,,,,,,1,
575,design_comm_sct,comm_marketing,38,junior marketing & communication executive,1,,,,,,,1,,,,,,,,,,,,,,,
576,design_comm_sct,comm_marketing,35,information and communications manager,1,,,,,,,1,,,,,,,,,,,,,,1,
577,design_comm_sct,comm_marketing,35,"director, enterprise content and design",1,,,,,,1,1,,,,,,,,,,,,,,1,
578,design_comm_sct,comm_marketing,11,storyteller,1,,,,,,,1,,,,,,,,,,,,,,,
579,design_comm_sct,comm_marketing,15,data storyteller,2,,1,,,,,1,,,,,,,,,,,,,,,
580,design_comm_sct,comm_marketing,16,google news fellow,1,,,1,,,,1,,,,,,,,,,,,,,,
581,design_comm_sct,comm_marketing,28,sr. medical and clinical advisor,1,,,,1,,,1,,,,,,,,,,,,,1,,
582,design_comm_sct,comm_marketing,18,medical information,1,,,,1,,,1,,,,,,,,,,,,,,,
583,design_comm_sct,comm_marketing,34,communications and engagement manager,1,,,,,,,1,,,,,,,,,,,,,,1,
584,design_comm_sct,comm_marketing,18,customer engagement,1,,,,,,,1,,,,,,,,,,,,,,,
585,design_comm_sct,comm_marketing,37,manager of digital products and engagement,1,,,1,,,,1,,,,,,,,,,,,,,1,
586,design_comm_sct,comm_marketing,28,manager strategy and engagement,1,,,,,,,1,,,,,,,,,,,,,,1,
587,design_comm_sct,comm_marketing,34,design and communications coordinator,1,,,,,,1,1,,,,,,,,,,,,,,1,
588,design_comm_sct,comm_marketing,21,communications analyst,1,,1,,,,,1,,,,,,,,,,,,,,,
589,design_comm_sct,comm_marketing,8,producer,1,,,,,,,1,,,,,,,,,,,,,,,
590,design_comm_sct,comm_marketing,31,information management specialist,1,,,,,,,1,,,,,,,,,,,,,,,
591,design_comm_sct,comm_marketing,19,community evangelist,1,,,,,,,1,,,,,,,,,,,,,,,
592,design_comm_sct,comm_marketing,19,analytics evangelist,1,,1,,,,,1,,,,,,,,,,,,,,,
593,design_comm_sct,comm_marketing,35,operations specialist - communications,1,,,,,,,1,,1,,,,,,,,,,,,,
594,business_sct,finance_economy,22,senior financial analyst,2,,1,,,,,,1,,,,,,,,,,,,2,,
595,business_sct,finance_economy,17,investment analyst,1,,1,,,,,,1,,,,,,,,,,,,,,
596,business_sct,finance_economy,23,programme finance analyst,1,,1,,,,,,1,,,,,,,,,,,,,,
597,business_sct,finance_economy,19,financial controller,1,,,,,,,,1,,,,,,,,,,,,,,
598,business_sct,finance_economy,17,fraud investigator,1,,1,,,,,,1,,,,,,,,,,,,,,
599,business_sct,finance_economy,32,finance systems integration analyst,1,,1,1,,,,,1,,,,,,,,,,,,,,
600,business_sct,finance_economy,9,economist,1,,,,,,,,,,1,,,,,,,,,,,,
601,business_sct,finance_economy,16,leading economist,1,,,,,,,,,,1,,,,,,,,,,,1,
602,business_sct,finance_economy,13,head economist,1,,,,,,,,,,1,,,,,,,,,,,1,
603,business_sct,finance_economy,34,director of economic intelligence unit,1,,,,,,,,,,1,,,,,,,,,,,1,
604,business_sct,finance_economy,7,actuary,1,,1,,,,,,1,,,,,,,,,,,,,,
605,business_sct,finance_economy,16,senior accountant,1,,,,,,,,1,,,,,,,,,,,,1,,
606,business_sct,business_dev_op,18,business developper,1,,,,,,,,,1,,,,,,,,,,,,,
607,business_sct,business_dev_op,29,business development specialist,1,,,,,,,,,1,,,,,,,,,,,,,
608,business_sct,business_dev_op,26,business development manager,1,,,,,,,,,1,,,,,,,,,,,,1,
609,business_sct,business_dev_op,18,development partner,1,,,,,,,,,1,,,,,,,,,,,,1,
610,business_sct,business_dev_op,26,business strategy consultant,1,,,,,,,,,1,,,,,,,,,,,,,1
611,business_sct,business_dev_op,15,business manager,1,,,,,,,,,1,,,,,,,,,,,,1,
612,business_sct,business_dev_op,23,associate process manager,2,,,,,,,,,1,,,,,,,,,,,,2,
613,business_sct,business_dev_op,20,distribution strategy,1,,,,,,,,,1,,,,,,,,,,,,,
614,business_sct,business_dev_op,39,"mgr, development business operations data",1,,1,,,,,,,1,,,,,,,,,,,,1,
615,business_sct,business_dev_op,17,business architect,1,,,,,,,,,1,,,,,,,,,,,,,
616,business_sct,business_dev_op,20,operations specialist,1,,,,,,,,,1,,,,,,,,,,,,,
617,business_sct,business_dev_op,33,senior director of industry solutions,1,,,,,,,,,1,,,,,,,,,,,1,1,
618,business_sct,business_dev_op,23,senior operations analyst,1,,1,,,,,,,1,,,,,,,,,,,1,,
619,business_sct,business_dev_op,26,deputy director of operations,1,,,,,,,,,1,,,,,,,,,,,,1,
620,business_sct,business_dev_op,18,solutions architect,2,,,,,,,,,1,,,,,,,,,,,,,
621,business_sct,business_dev_op,9,vp product,1,,,,,,,,,1,,,,,,,,,,,,1,
622,business_sct,business_dev_op,28,product development specialist,1,,,,,,,,,1,,,,,,,,,,,,,
623,business_sct,business_dev_op,15,customer analyst,1,,1,,,,,1,,1,,,,,,,,,,,,,
624,business_sct,business_dev_op,29,senior manager customer advisory,1,,,,,,,1,,1,,,,,,,,,,,1,,
625,business_sct,business_dev_op,49,senior customer service and technical support associate,1,,,1,,,,1,,1,,,,,,,,,,,1,,
626,business_sct,business_dev_op,12,sales manager,1,,,,,,,,,1,,,,,,,,,,,,1,
627,business_sct,business_dev_op,17,software pre-sales,1,,,1,,,,,,1,,,,,,,,,,,,,
628,business_sct,business_dev_op,24,market research consultant,1,,,,,,,1,,1,,,,1,,,,,,,,,1
629,business_sct,business_dev_op,23,market research associate,1,,,,,,,1,,1,,,,1,,,,,,,,1,
630,business_sct,business_dev_op,20,market research expert,1,,,,,,,,,1,,,,1,,,,,,,,,
631,business_sct,merl,11,merl officer,1,,1,,,,,,,1,,,,,,,,,,,,,
632,business_sct,merl,28,learning and evaluation officer,1,,1,,,,,,,1,,,,,,,,,,,,,
633,business_sct,merl,29,learning & evaluation specialist,1,,1,,,,,,,,,,,,,,,,,,,,
634,business_sct,merl,40,evaluation assistant; and research associate,1,,1,,,,,,,,,,,1,,,,,,,,1,
635,business_sct,merl,26,research & evaluation manager,2,,1,,,,,,,,,,,1,,,,,,,,2,
636,business_sct,merl,29,director research and evaluation,1,,1,,,,,,,,,,,1,,,,,,,,1,
637,business_sct,merl,36,health research & evaluation coordinator,1,,1,,1,,,,,,,,,1,,,,,,,,1,
638,business_sct,merl,10,mel manager,1,,1,,,,,,,,,,,,,,,,,,,1,
639,business_sct,merl,30,monitoring and evaluation advisor,1,,1,,,,,,,,,,,,,,,,,,,,
640,business_sct,merl,24,impact & evaluation manager,1,,1,,,,,,,,,,,,,,,,,,,1,
641,business_sct,merl,28,monitoring developer/operator,1,,1,1,,,,,,,,,,,,,,,,,,,
642,business_sct,merl,20,director of evaluation,1,,1,,,,,,,,,,,,,,,,,,,1,
643,business_sct,merl,26,"project leader, evaluation",1,,1,,,,,,,,,,,,,,,,,,,1,
644,business_sct,merl,41,"associate monitoring advisor, malaria and wash",1,,1,,1,,,,,,,,,,,,,,,,,1,
645,business_sct,merl,20,evaluation consultant,2,,1,,,,,,,,,,,,,,,,,,,,
646,business_sct,merl,7,auditor,1,,1,,,,,,,,,,,,,,,,,,,,
647,business_sct,merl,9,evaluator,3,,1,,,,,,,,,,,,,,,,,,,,
648,business_sct,merl,20,evaluation specialist,1,,1,,,,,,,,,,,,,,,,,,,,
649,business_sct,merl,17,evaluation officer,1,,1,,,,,,,,,,,,,,,,,,,,
650,business_sct,merl,20,independent evaluator,1,,1,,,,,,,,,,,,,,,,,,,,1
651,business_sct,merl,30,monitoring and evaluation manager,2,,1,,,,,,,,,,,,,,,,,,,2,
652,business_sct,merl,16,project evaluator,1,,1,,,,,,,,,,,,,,,,,,,,
653,business_sct,merl,15,senior evaluator,1,,1,,,,,,,,,,,,,,,,,,1,,
654,business_sct,merl,16,program evaluator,1,,1,,,,,,,,,,,,,,,,,,,,
655,business_sct,merl,25,digital performance analyst,2,,1,1,,,,,,,,,,,,,,,,,,,
656,business_sct,merl,27,head of operational excellence,1,,,,,,,,,1,,,,,,,,,,,,1,
657,business_sct,merl,32,dean of institutional effectiveness,1,,,,,,,,,1,,,,,,,,,,,,1,
658,business_sct,merl,45,executive director of institutional effectiveness,1,,,,,,,,,1,,,,,,,,,,,,1,
659,business_sct,merl,33,performance improvement coordinator,1,,1,,,,,,,1,,,,,,,,,,,,1,
660,business_sct,merl,24,senior performance analyst,1,,1,,,,,,,1,,,,,,,,,,,1,,
661,business_sct,merl,26,performance insights manager,1,,1,,,,,,,1,,,,,,,,,,,,1,
662,business_sct,merl,18,performance analyst,1,,1,,,,,,,1,,,,,,,,,,,,,
663,business_sct,merl,17,head of assessments,1,,,,,,,,,1,,,,,,,,,,,,,
664,business_sct,merl,51,"dir. of planning, institutional effectiveness, & research",1,,,,,,,,,1,,,,1,,,,,,,,1,
665,business_sct,merl,26,impact and evaluation manager,1,,1,,,,,,,,,,,,,,,,,,,1,
666,business_sct,merl,45,"program manager, monitoring, evaluation & learning",1,,1,,,,,,,,,,,,,,,,,,,1,
667,business_sct,merl,31,"program manager, trust and safety",1,,,1,,,,,,1,,,,,,,,,,,,1,
668,learning_sct,support,20,college administrator,1,,,,,,,,,,,,1,,1,,,,,,,1,
669,learning_sct,support,19,curriculum developer,1,,,,,,,,,,,,1,,,,,,,,,,
670,learning_sct,support,19,academic coordinator,1,,,,,,,,,,,,1,,1,,,,,,,1,
671,learning_sct,support,19,training coordinator,1,,,,,,,,,,,,1,,1,,,,,,,1,
672,learning_sct,support,9,principal,2,,,,,,,,,,,,1,,1,,,,,,,2,
673,learning_sct,support,35,program director of the math department.,1,,,,1,,,,,,,,1,,1,,,,,,,1,
674,learning_sct,support,40,assistant provost for institutional research,1,,,,,,,,,,,,,1,1,,,,,,,1,
675,learning_sct,support,30,facilities program administrator,1,,,,,,,,,,,,1,,1,,,,,,,,
676,learning_sct,support,4,dean,1,,,,,,,,,,,,1,,1,,,,,,,1,
677,learning_sct,student,7,student,23,,,,,,,,,,,1,,,,,,,,,,,
678,learning_sct,student,35,i am currently studying to switch careers,1,,,,,,,,,,,1,,,,,,,,,,,
679,learning_sct,student,19,student data analysis,1,,1,,,,,,,,,1,,,,,,,,,,,
680,learning_sct,student,20,undergraduate student,1,,,,,,,,,,,1,,,,,,,,,,,
681,learning_sct,student,10,phd student,11,,,,,,,,,,,1,,,,,,,,,,,
682,learning_sct,student,11,phd. student,1,,,,,,,,,,,1,,,,,,,,,,,
683,learning_sct,student,12,phd candidate,8,,,,,,,,,,,1,,,,,,,,,,,
684,learning_sct,student,9,phd fellow,1,,,,,,,,,,,1,,,,,,,,,,,
685,learning_sct,student,20,graduate student (phd),1,,,,,,,,,,,1,,,,,,,,,,,
686,learning_sct,student,15,graduate student,1,,,,,,,,,,,1,,,,,,,,,,,
687,learning_sct,student,31,graduate researcher/phd candidate,1,,,,,,,,,,,1,,1,,,,,,,,,
688,learning_sct,teacher,30,teaching assistant/mph candidate,1,,,,,,,,,,,1,1,,,,,,,,,,
689,learning_sct,teacher,36,graduate student instructor / phd student,1,,,,,,,,,,,,1,,,,,,,,,,
690,learning_sct,teacher,17,teaching assistant,1,,,,,,,,,,,,1,,,,,,,,,,
691,learning_sct,teacher,25,graduate teaching assistant,2,,,,,,,,,,,,1,,,,,,,,,,
692,learning_sct,teacher,24,master teacher / head of data,1,,1,,,,,,,,,,1,,,,,,,,,,
693,learning_sct,teacher,18,"specialist, teacher",1,,,,,,,,,,,,1,,,,,,,,,,
694,learning_sct,teacher,7,teacher,2,,,,,,,,,,,,1,,,,,,,,,,
695,learning_sct,teacher,16,data science coach,1,,1,,,,,,,,,,1,,,,,,,,,,
696,learning_sct,teacher,20,lead data science coach,1,,1,,,,,,,,,,1,,,,,,,,,,
697,learning_sct,teacher,20,senior analytics coach,1,,1,,,,,,,,,,1,,,,,,,,,,
698,learning_sct,teacher,23,android course instructor,1,,,1,,,,,,,,,1,,,,,,,,,,
699,learning_sct,teacher,7,trainer,2,,,,,,,,,,,,1,,,,,,,,,,
700,learning_sct,teacher,23,consultant and instructor,1,,,,,,,,,,,,1,,,,,,,,,,
701,learning_sct,teacher,10,instructor,1,,,,,,,,,,,,1,,,,,,,,,,
702,learning_sct,teacher,24,reading intervention coach,1,,,,,,,,,,,,1,,,,,,,,,,
703,learning_sct,teacher,8,lecturer,4,,,,,,,,,,,,1,,,,,,,,,,
704,learning_sct,teacher,28,"adjunct lecturer, freelancer",1,,,,,,,,,,,,1,,,,,,,,,,
705,learning_sct,teacher,14,senior lecturer,1,,,,,,,,,,,,1,,,,,,,,,,
706,learning_sct,teacher,41,profesor ayudante doctor (assistant lecturer),1,,,,,,,,,,,,1,,,,,,,,,,
707,learning_sct,teacher,18,statistian lecturer,1,,,,1,,,,,,,,1,,,,,,,,,,
708,learning_sct,teacher,36,lecturer / interactive creative director,1,,,1,,,1,,,,,,1,,,,,,,,,,
709,learning_sct,teacher,23,lecturer/industry fellow,1,,,,,,,,,1,,,1,,,,,,,,,,
710,learning_sct,teacher,18,assistant professor,13,,,,,,,,,,,,1,,,,,,,,,,
711,learning_sct,teacher,9,professor,12,,,,,,,,,,,,1,,,,,,,,,,
712,learning_sct,teacher,38,"profesor principal, assistant professor",1,,,,,,,,,,,,1,,,,,,,,,,
713,learning_sct,teacher,24,professor and division head,1,,,,,,,,,,,,1,,,,,,,,,1,
714,learning_sct,teacher,18,associate professor,9,,,,,,,,,,,,1,,,,,,,,,,
715,learning_sct,teacher,26,clinical associate professor,1,,,,1,,,,,,,,1,,,,,,,,,,
716,learning_sct,teacher,19,professor of practice,1,,,,,,,,,,,,1,,,,,,,,,,
717,learning_sct,teacher,15,pro tem professor,1,,,,,,,,,,,,1,,,,,,,,,,
718,learning_sct,teacher,15,"ceo, professor",1,,,,,,,,,,,,1,,,,,,,,,,
719,learning_sct,teacher,37,"professor of computer science, emeritus",1,,,1,,,,,,,,,1,,,,,,,,,,
720,learning_sct,teacher,30,associate professor of psychology,1,,,,1,,,,,,,,1,,,,,,,,,,
721,learning_sct,teacher,35,assistant professor of computer science,1,,,1,,,,,,,,,1,,,,,,,,,,
722,learning_sct,teacher,27,assistant professor of nursing,1,,,,1,,,,,,,,1,,,,,,,,,,
723,learning_sct,teacher,23,assistant professor of art,1,,,,,1,,,,,,,1,,,,,,,,,,
724,learning_sct,teacher,33,assistant professor of communication,1,,,,,,,1,,,,,1,,,,,,,,,,
725,learning_sct,teacher,56,assistant professor and audiovisual communication coordinator,1,,,1,,,,1,,,,,1,,,,,,,,,,
726,learning_sct,teacher,14,assoc professor,1,,,,,,,,,,,,1,,,,,,,,,,
727,learning_sct,teacher,20,enseignant-chercheur,1,,,,,,,,,,,,1,1,,,,,,,,,
728,learning_sct,teacher,31,"research fellow, senior lecturer",1,,,,,,,,,,,,1,1,,,,,,,,1,
729,learning_sct,teacher,26,professor and epidemiologist,1,,,,1,,,,,,,,1,,,,,,,,,,
730,learning_sct,teacher,35,senior research and learning specialist,1,,,,,,,,,,,,1,1,,,,,,,1,,
731,learning_sct,research,17,research assistant,7,,,,,,,,,,,,,1,,,,,,,,,
732,learning_sct,research,25,graduate research assistant,3,,,,,,,,,,,,,1,,,,,,,,,
733,learning_sct,research,10,researcher,8,,,,,,,,,,,,,1,,,,,,,,,
734,learning_sct,research,18,graduate researcher,2,,,,,,,,,,,,,1,,,,,,,,,
735,learning_sct,research,25,graduate student researcher,1,,,,,,,,,,,1,,1,,,,,,,,,
736,learning_sct,research,17,research scientist,4,,,,1,,,,,,,,,1,,,,,,,,,
737,learning_sct,research,22,research area specialist,1,,,,,,,,,,,,,1,,,,,,,,,
738,learning_sct,research,16,senior researcher,1,,,,,,,,,,,,,1,,,,,,,1,,
739,learning_sct,research,19,senior research staff,1,,,,,,,,,,,,,1,,,,,,,1,,
740,learning_sct,research,19,research coordinator,1,,,,,,,,,,,,,1,,,,,,,,1,
741,learning_sct,research,18,research consultant,1,,,,,,,,,,,,,1,,,,,,,,,1
742,learning_sct,research,31,director of institutional research,1,,,,,,,,,,,,,1,,,,,,,,1,
743,learning_sct,research,14,head of research,1,,,,,,,,,,,,,1,,,,,,,,1,
744,learning_sct,research,19,"director, research",1,,,,,,,,,,,,,1,,,,,,,,1,
745,learning_sct,research,18,director of research,1,,,,,,,,,,,,,1,,,,,,,,1,
746,learning_sct,research,29,chief research & planning officer,1,,,,,,,,,,,,,1,,,,,,,,1,
747,learning_sct,research,20,senior research fellow,1,,,,,,,,,,,,,1,,,,,,,1,,
748,learning_sct,research,26,director of clinical research,1,,,,1,,,,,,,,,1,,,,,,,,1,
749,learning_sct,research,14,research intern,1,,,,1,,,,,,,,,1,,,,,,,,,
750,learning_sct,research,22,agricultural researcher,1,,,,,,,,,,,,,1,,,,,,,,,
751,learning_sct,research,19,economist researcher,1,,,,,,,,,,1,,,1,,,,,,,,,
752,learning_sct,research,41,director of institutional research (higher ed),1,,,,,,,,,,,,,1,,,,,,,,1,
753,learning_sct,research,21,research social planner,1,,,,,,,,,,,,,1,,,,,,,,,
754,learning_sct,research,18,research specialist,1,,,,,,,,,,,,,1,,,,,,,,,
755,learning_sct,research,48,"director of grants, research, accountability, & data",1,,1,,,,,,,,,,,1,,,,,,,,1,
756,learning_sct,research,29,researcher in data visualization,1,1,1,,,,,,,,,,,1,,,,,,,,,
757,learning_sct,research,24,research software engineer,1,,,1,,,,,,,,,,1,,,,,,,,,
758,learning_sct,research,56,"executive director of research, assessment, and accountability",1,,,,,,,,,,,,,1,,,,,,,,1,
759,learning_sct,research,15,research officer,1,,,,,,,,,,,,,1,,,,,,,,,
760,learning_sct,research,14,research fellow,1,,,,,,,,,,,,,1,,,,,,,,1,
761,learning_sct,research,19,research staff member,1,,,,,,,,,,,,,1,,,,,,,,,
762,learning_sct,research,51,postdoctoral fellow / research associate / data consultant,1,1,,,,,,,,,,,,1,,,,,,,,,
763,learning_sct,research,23,senior research assistant,1,,,,,,,,,,,,,1,,,,,,,,,
764,learning_sct,research,20,innovation consultant,1,,,,,,,,,,,,,1,,,,,,,,,
765,learning_sct,research,23,senior research scientist,1,,,,,,,,,,,,,1,,,,,,,1,,
766,learning_sct,research,12,r&d scientist,1,,,,,,,,,,,,,1,,,,,,,,,
767,learning_sct,research,27,head of research and innovation,1,,,,,,,,,,,,,1,,,,,,,,1,
768,learning_sct,research,18,innovation director,1,,,,,,,,,,,,,1,,,,,,,,,
769,learning_sct,research,13,r&i specialist,1,,,,,,,,,,,,,1,,,,,,,,,
770,learning_sct,research,33,vice president for strategic research,1,,,,,,,,,,,,,1,,,,,,,,1,
771,learning_sct,research,26,scientific strategic planner,1,,,,,,,,,,,,,1,,,,,,,,,
772,learning_sct,research,27,research and development staff,1,,,,,,,,,,,,,1,,,,,,,,,
773,learning_sct,research,17,innovation manager,2,,,,,,,,,,,,,1,,,,,,,,2,
774,learning_sct,research,16,research engineer,1,,,1,,,,,,,,,,1,,,,,,,,,
775,learning_sct,research,27,senior research methodologist,1,,,,,,,,,,,,,1,,,,,,,,,
776,learning_sct,research,18,research programmer,1,,1,1,,,,,,,,,,1,,,,,,,,,
777,learning_sct,research,27,research manager/data analyst,1,,1,,,,,,,,,,,1,,,,,,,,,
778,learning_sct,research,32,project officer/research assistant,1,,,,,,,,,,,,,1,,,,,,,,,
779,learning_sct,research,58,"research scientist, project lead, and graduate research assistant",1,,,,1,,,,,,,,,1,,,,,,,,,
780,learning_sct,research,12,lab assistant,1,,,,,,,,,,,,,1,,,,,,,,,
781,learning_sct,research,25,research support technician,1,,,,,,,,,,,,,1,,,,,,,,,
782,learning_sct,research,20,technician researcher,1,,,,,,,,,,,,,1,,,,,,,,,
783,learning_sct,research,23,senior research associate,1,,,,,,,,,,,,,1,,,,,,,1,,
784,learning_sct,research,24,associate research scholar,1,,,,,,,,,,,,,1,,,,,,,,,
785,learning_sct,research,17,research associate,9,,,,,,,,,,,,,1,,,,,,,,9,
786,learning_sct,research,15,research analyst,8,,1,,,,,,,,,,,1,,,,,,,,,
787,learning_sct,research,19,research data analyst,2,,1,,,,,,,,,,,1,,,,,,,,,
788,learning_sct,research,24,strategic research analyst,1,,1,,,,,,,,,,,1,,,,,,,,,
789,learning_sct,research,21,senior research analyst,4,,1,,,,,,,,,,,1,,,,,,,,,
790,learning_sct,research,32,senior research and planning analyst,1,,1,,,,,,,,,,,1,,,,,,,,,
791,learning_sct,research,15,research manager,3,,,,,,,,,,,,,1,,,,,,,,3,
792,learning_sct,research,18,head of research unit,2,,,,,,,,,,,,,1,,,,,,,,2,
793,learning_sct,research,34,coordinator of research and evaluation,1,,,,,,,,,,,,,1,,,,,,,,1,
794,learning_sct,research,13,research chair,1,,,,,,,,,,,,,1,,,,,,,,1,
795,learning_sct,research,20,directeur de recherche,1,,,,,,,,,,,,,1,,,,,,,,1,
796,learning_sct,research,21,freelance ux researcher,1,,,,,,1,,,,,,,1,,,,,,,1,,1
797,learning_sct,research,18,senior ux researcher,1,,,,,,1,,,,,,,1,,,,,,,1,,
798,learning_sct,research,14,user researcher,2,,,1,,,,,,,,,,1,,,,,,,,,
799,learning_sct,research,27,data visualization researcher,1,1,1,,,,,,,,,,,1,,,,,,,,,
800,learning_sct,postdoc,7,post doc,1,,,,,,,,,,,,,1,,,,,,,,,
801,learning_sct,postdoc,19,postdoctoral scholar,1,,,,,,,,,,,,,1,,,,,,,,,
802,learning_sct,postdoc,28,postdoctoral scholar of biology,1,,,,1,,,,,,,,,1,,,,,,,,,
803,learning_sct,postdoc,26,postdoctoral research fellow,2,,,,,,,,,,,,,1,,,,,,,,,
804,learning_sct,postdoc,22,postdoctoral researcher,3,,,,,,,,,,,,,1,,,,,,,,,
805,learning_sct,postdoc,18,post-doc researcher,1,,,,,,,,,,,,,1,,,,,,,,,
806,learning_sct,postdoc,17,postdoc researcher,2,,,,,,,,,,,,,1,,,,,,,,,
807,learning_sct,postdoc,29,postdoctoral research scientist,1,,,,1,,,,,,,,,1,,,,,,,,,
808,learning_sct,postdoc,29,postdoctoral research associate,1,,,,,,,,,,,,,1,,,,,,,,,
809,unknown_sct,freelance_consultant,10,consultant,18,,,,,,,,,,,,,,1,,,,,,,,18
810,unknown_sct,freelance_consultant,19,principal consultant,5,,,,,,,,,,,,,,1,,,,,,,,5
811,unknown_sct,freelance_consultant,16,senior consultant,5,,,,,,,,,,,,,,1,,,,,,5,,5
812,unknown_sct,freelance_consultant,21,independent consultant,2,,,,,,,,,,,,,,1,,,,,,,,2
813,unknown_sct,freelance_consultant,20,consultant in strategy,1,,,,,,,,,,,,,,1,,,,,,,,1
814,unknown_sct,freelance_consultant,41,owner/principal (of my own consulting company),1,,,,,,,,,,,,,,1,,,,,,,1,1
815,unknown_sct,freelance_consultant,9,freelance,1,,,,,,,,,,,,,,1,,,,,,,,1
816,unknown_sct,freelance_consultant,10,freelancer,3,,,,,,,,,,,,,,1,,,,,,,,3
817,unknown_sct,freelance_consultant,5,indie,1,,,,,,,,,,,,,,1,,,,,,,,1
818,unknown_sct,freelance_consultant,22,individual entrepreneur,1,,,,,,,,,,,,,,1,,,,,,,,1
819,unknown_sct,freelance_consultant,11,one-man show,1,,,,,,,,,,,,,,1,,,,,,,,1
820,unknown_sct,manager,7,manager,5,,,,,,,,,,,,,,,1,,,,,,5,
821,unknown_sct,manager,13,senior manager,4,,,,,,,,,,,,,,,1,,,,,,4,
822,unknown_sct,manager,14,project manager,7,,,,,,,,,,,,,,,1,,,,,,7,
823,unknown_sct,manager,20,senior project manager,1,,,,,,,,,,,,,,,1,,,,,1,1,
824,unknown_sct,manager,23,project manager executive,1,,,,,,,,,,,,,,,1,,,,,,1,
825,unknown_sct,manager,18,gerente de proyectos,1,,,,,,,,,,,,,,,1,,,,,,1,
826,unknown_sct,manager,23,technical program manager,2,,,,,,,,,,,,,,,1,,,,,,2,
827,unknown_sct,manager,14,program manager,3,,,,,,,,,,,,,,,1,,,,,,3,
828,unknown_sct,manager,17,sr. program manager,1,,,,,,,,,,,,,,,1,,,,,,1,
829,unknown_sct,manager,29,"sr manager, program management",2,,,,,,,,,,,,,,,1,,,,,,2,
830,unknown_sct,manager,24,"program manager, retired",1,,,,,,,,,,,,,,,1,,,,,,1,
831,unknown_sct,manager,14,product manager,5,,,,,,,,,,,,,,,1,,,,,,5,
832,unknown_sct,manager,11,product lead,1,,,,,,,,,,,,,,,1,,,,,,1,
833,unknown_sct,manager,27,consultant and product manager,1,,,,,,,,,,,,,,,1,,,,,,1,
834,unknown_sct,manager,25,strategic contracts manager,1,,,,,,,,,,,,,,,1,,,,,,1,
835,unknown_sct,manager,18,global process owner,1,,,,,,,,,,,,,,,1,,,,,,1,
836,unknown_sct,manager,15,category manager,1,,,,,,,,,,,,,,,1,,,,,,1,
837,unknown_sct,manager,17,operations manager,2,,,,,,,,,,,,,,,1,,,,,,2,
838,unknown_sct,manager,11,team manager,1,,,,,,,,,,,,,,,1,,,,,,1,
839,unknown_sct,manager,34,senior consultant and practice manager,1,,,,,,,,,,,,,,,1,,,,,,1,1
840,unknown_sct,manager,15,delivery manager,1,,,,,,,,,,,,,,,1,,,,,,1,
841,unknown_sct,manager,38,talent operations & strategy senior manager,1,,,,,,,,,,,,,,,1,,,,,,1,
842,unknown_sct,head,7,founder,3,,,,,,,,,,,,,,,,1,,,,,3,
843,unknown_sct,head,10,co-founder,2,,,,,,,,,,,,,,,,1,,,,,2,
844,unknown_sct,head,9,co founder,1,,,,,,,,,,,,,,,,1,,,,,1,
845,unknown_sct,head,3,ceo,14,,,,,,,,,,,,,,,,1,,,,,14,
846,unknown_sct,head,11,founder / ceo,1,,,,,,,,,,,,,,,,1,,,,,1,
847,unknown_sct,head,13,cofounder & coo,1,,,,,,,,,,,,,,,,1,,,,,1,
848,unknown_sct,head,7,partner,5,,,,,,,,,,,,,,,,1,,,,,5,
849,unknown_sct,head,31,president and improvement catalyst,1,,,,,,,,,,,,,,,,1,,,,,1,
850,unknown_sct,head,3,avp,1,,,,,,,,,,,,,,,,1,,,,,1,
851,unknown_sct,head,15,senior associate,2,,,,,,,,,,,,,,,,1,,,,,2,
852,unknown_sct,head,15,practice partner,1,,,,,,,,,,,,,,,,1,,,,,1,
853,unknown_sct,head,9,associate,2,,,,,,,,,,,,,,,,1,,,,,2,
854,unknown_sct,head,10,md & founder,1,,,,,,,,,,,,,,,,1,,,,,1,
855,unknown_sct,head,2,vp,1,,,,,,,,,,,,,,,,1,,,,,1,
856,unknown_sct,head,18,associate principal,1,,,,,,,,,,,,,,,,1,,,,,1,
857,unknown_sct,head,19,founder and principal,1,,,,,,,,,,,,,,,,1,,,,,1,
858,unknown_sct,head,3,cto,3,,,,,,,,,,,,,,,,1,,,,,3,
859,unknown_sct,dir,8,director,6,,,,,,,,,,,,,,,,,1,,,,6,
860,unknown_sct,dir,3,dir,1,,,,,,,,,,,,,,,,,1,,,,1,
861,unknown_sct,dir,17,associate director,2,,,,,,,,,,,,,,,,,1,,,,2,
862,unknown_sct,dir,17,executive director,4,,,,,,,,,,,,,,,,,1,,,,4,
863,unknown_sct,dir,16,managing director,2,,,,,,,,,,,,,,,,,1,,,,2,
864,unknown_sct,dir,17,assistant director,1,,,,,,,,,,,,,,,,,1,,,,1,
865,unknown_sct,dir,10,supervisor,1,,,,,,,,,,,,,,,,,1,,,,1,
866,unknown_sct,dir,9,head-fp&a,1,,,,,,,,,,,,,,,,,1,,,,1,
867,unknown_sct,dir,16,head of department,1,,,,,,,,,,,,,,,,,1,,,,1,
868,unknown_sct,dir,25,administrative coordinator,1,,,,,,,,,,,,,,,,,1,,,,1,
869,unknown_sct,dir,14,lead specialist,1,,,,,,,,,,,,,,,,,1,,,,1,
870,unknown_sct,dir,15,program director,1,,,,,,,,,,,,,,,,,1,,,,1,
871,unknown_sct,dir,18,program coordinator,2,,,,,,,,,,,,,,,,,1,,,,2,
872,unknown_sct,dir,24,section head of a department,1,,,,,,,,,,,,,,,,,1,,,,1,
873,unknown_sct,dir,14,head of strategy,1,,,,,,,,,,,,,,,,,1,,,,1,
874,unknown_sct,dir,31,deputy director of special projects,1,,,,,,,,,,,,,,,,,1,,,,1,
875,unknown_sct,dir,44,senior associate director of intellectual capital,1,,,,,,,,,,,,,,,,,1,,,,1,
876,another_sct,unemployed,10,unemployed,6,,,,,,,,,,,,,,,,,,1,,,,
877,another_sct,unemployed,20,presently unemployed.,1,,,,,,,,,,,,,,,,,,1,,,,
878,another_sct,unemployed,26,"don't have one, self-employed",1,,,,,,,,,,,,,,,,,,1,,,,
879,another_sct,unemployed,26,looking for job opportunities,1,,,,,,,,,,,,,,,,,,1,,,,
880,another_sct,unemployed,45,currently unemployed (previously project manager),1,,,,,,,,,,,,,,,,,,1,,,,
881,another_sct,another,7,advisor,1,,,,,,,,,,,,,,,,,,,1,,,
882,another_sct,another,16,expertise officer,1,,,,,,,,,,,,,,,,,,,1,,,
883,another_sct,another,18,programme assistant,1,,,,,,,,,,,,,,,,,,,1,,,
884,another_sct,another,16,project assistant,1,,,,,,,,,,,,,,,,,,,1,,,
885,another_sct,another,13,asst. team lead,1,,,,,,,,,,,,,,,,,,,1,,1,
886,another_sct,another,10,specialist,1,,,,,,,,,,,,,,,,,,,1,,,
887,another_sct,another,14,main specialist,1,,,,,,,,,,,,,,,,,,,1,,,
888,another_sct,another,10,controller,2,,,,,,,,,,,,,,,,,,,1,,,
889,another_sct,another,3,chr,1,,,,,,,,,,,,,,,,,,,1,,,
890,another_sct,another,11,demand + s&op,1,,,,,,,,,,,,,,,,,,,1,,,
891,another_sct,another,8,vocateur,1,,,,,,,,,,,,,,,,,,,1,,,